target_packages	resource_name	upstream_source	upstream_path	status
com.android.settings	ambient_expand_icon_background_expressive	AOSP_SETTINGS	res/drawable/ambient_expand_icon_background_expressive.xml	EXACT_ANDROID17_NAME_MATCH
com.android.settings	ambient_icon_background_expressive	AOSP_SETTINGS	res/drawable/ambient_icon_background_expressive.xml	EXACT_ANDROID17_NAME_MATCH
android	autofill_bottomsheet_expressive_background	AOSP_CORE	res/res/drawable/autofill_bottomsheet_expressive_background.xml	EXACT_ANDROID17_NAME_MATCH
android	autofill_expressive_button	AOSP_CORE	res/res/drawable/autofill_expressive_button.xml	EXACT_ANDROID17_NAME_MATCH
android	bottomsheet_expressive_background	AOSP_CORE	res/res/drawable/bottomsheet_expressive_background.xml	EXACT_ANDROID17_NAME_MATCH
com.android.settings	content_protection_preference_illustration_expressive	AOSP_SETTINGS	res/drawable/content_protection_preference_illustration_expressive.xml	EXACT_ANDROID17_NAME_MATCH
com.android.settings	expressive_battery_hints_chip_bg	AOSP_SETTINGS	res/drawable-v35/expressive_battery_hints_chip_bg.xml	EXACT_ANDROID17_NAME_MATCH
com.android.settings	expressive_battery_hints_chip_bg_ripple	AOSP_SETTINGS	res/drawable-v35/expressive_battery_hints_chip_bg_ripple.xml	EXACT_ANDROID17_NAME_MATCH
com.android.settings	face_enroll_icon_large_expressive	AOSP_SETTINGS	res/drawable/face_enroll_icon_large_expressive.xml	EXACT_ANDROID17_NAME_MATCH
com.android.settings	ia_settings_communal_expressive	AOSP_SETTINGS	res/drawable/ia_settings_communal_expressive.xml	EXACT_ANDROID17_NAME_MATCH
com.android.settings	ic_account_child_invert_expressive	AOSP_SETTINGS	res/drawable/ic_account_child_invert_expressive.xml	EXACT_ANDROID17_NAME_MATCH
com.android.settings,com.android.systemui	ic_apps_expressive	AOSP_SETTINGS	res/drawable/ic_apps_expressive.xml	EXACT_ANDROID17_NAME_MATCH
com.android.settings,com.android.systemui	ic_apps_expressive	AOSP_SYSTEMUI	res/drawable/ic_apps_expressive.xml	EXACT_ANDROID17_NAME_MATCH
com.android.systemui	ic_check_expressive	AOSP_SYSTEMUI	res/drawable/ic_check_expressive.xml	EXACT_ANDROID17_NAME_MATCH
com.android.systemui	ic_chevron_forward_expressive	AOSP_SYSTEMUI	res/drawable/ic_chevron_forward_expressive.xml	EXACT_ANDROID17_NAME_MATCH
com.android.settings	ic_devices_other_expressive	AOSP_SETTINGS	res/drawable/ic_devices_other_expressive.xml	EXACT_ANDROID17_NAME_MATCH
com.android.settings	ic_help_expressive	AOSP_SETTINGS	res/drawable/ic_help_expressive.xml	EXACT_ANDROID17_NAME_MATCH
com.android.systemui	ic_mic_expressive	AOSP_SYSTEMUI	res/drawable/ic_mic_expressive.xml	EXACT_ANDROID17_NAME_MATCH
com.android.settings	ic_notifications_expressive	AOSP_SETTINGS	res/drawable/ic_notifications_expressive.xml	EXACT_ANDROID17_NAME_MATCH
com.android.systemui	ic_phone_expressive	AOSP_SYSTEMUI	res/drawable/ic_phone_expressive.xml	EXACT_ANDROID17_NAME_MATCH
com.android.systemui	ic_selfie_expressive	AOSP_SYSTEMUI	res/drawable/ic_selfie_expressive.xml	EXACT_ANDROID17_NAME_MATCH
com.android.settings	ic_settings_about_device_expressive	AOSP_SETTINGS	res/drawable/ic_settings_about_device_expressive.xml	EXACT_ANDROID17_NAME_MATCH
com.android.settings	ic_settings_accessibility_expressive	AOSP_SETTINGS	res/drawable/ic_settings_accessibility_expressive.xml	EXACT_ANDROID17_NAME_MATCH
com.android.settings	ic_settings_accounts_and_backup_expressive	AOSP_SETTINGS	res/drawable/ic_settings_accounts_and_backup_expressive.xml	EXACT_ANDROID17_NAME_MATCH
com.android.settings	ic_settings_battery_expressive	AOSP_SETTINGS	res/drawable/ic_settings_battery_expressive.xml	EXACT_ANDROID17_NAME_MATCH
com.android.settings	ic_settings_device_expressive	AOSP_SETTINGS	res/drawable/ic_settings_device_expressive.xml	EXACT_ANDROID17_NAME_MATCH
com.android.settings	ic_settings_display_expressive	AOSP_SETTINGS	res/drawable/ic_settings_display_expressive.xml	EXACT_ANDROID17_NAME_MATCH
com.android.settings	ic_settings_emergency_expressive	AOSP_SETTINGS	res/drawable/ic_settings_emergency_expressive.xml	EXACT_ANDROID17_NAME_MATCH
com.android.settings	ic_settings_location_expressive	AOSP_SETTINGS	res/drawable/ic_settings_location_expressive.xml	EXACT_ANDROID17_NAME_MATCH
com.android.settings	ic_settings_passwords_expressive	AOSP_SETTINGS	res/drawable/ic_settings_passwords_expressive.xml	EXACT_ANDROID17_NAME_MATCH
com.android.settings	ic_settings_privacy_expressive	AOSP_SETTINGS	res/drawable/ic_settings_privacy_expressive.xml	EXACT_ANDROID17_NAME_MATCH
com.android.settings	ic_settings_safety_center_expressive	AOSP_SETTINGS	res/drawable/ic_settings_safety_center_expressive.xml	EXACT_ANDROID17_NAME_MATCH
com.android.settings	ic_settings_security_expressive	AOSP_SETTINGS	res/drawable/ic_settings_security_expressive.xml	EXACT_ANDROID17_NAME_MATCH
com.android.settings	ic_settings_system_dashboard_expressive	AOSP_SETTINGS	res/drawable/ic_settings_system_dashboard_expressive.xml	EXACT_ANDROID17_NAME_MATCH
com.android.settings	ic_settings_wallpaper_expressive	AOSP_SETTINGS	res/drawable/ic_settings_wallpaper_expressive.xml	EXACT_ANDROID17_NAME_MATCH
com.android.settings	ic_settings_wireless_expressive	AOSP_SETTINGS	res/drawable/ic_settings_wireless_expressive.xml	EXACT_ANDROID17_NAME_MATCH
com.android.settings	ic_storage_expressive	AOSP_SETTINGS	res/drawable/ic_storage_expressive.xml	EXACT_ANDROID17_NAME_MATCH
com.android.settings	ic_suggested_notifications_expressive	AOSP_SETTINGS	res/drawable/ic_suggested_notifications_expressive.xml	EXACT_ANDROID17_NAME_MATCH
com.android.systemui	ic_touch_expressive	AOSP_SYSTEMUI	res/drawable/ic_touch_expressive.xml	EXACT_ANDROID17_NAME_MATCH
com.android.settings	ic_volume_up_expressive	AOSP_SETTINGS	res/drawable/ic_volume_up_expressive.xml	EXACT_ANDROID17_NAME_MATCH
com.android.settings	ic_zen_priority_modes_expressive	AOSP_SETTINGS	res/drawable/ic_zen_priority_modes_expressive.xml	EXACT_ANDROID17_NAME_MATCH
com.android.settings	modes_interstitial_bedtime_expressive	AOSP_SETTINGS	res/drawable/modes_interstitial_bedtime_expressive.xml	EXACT_ANDROID17_NAME_MATCH
com.android.settings	modes_interstitial_driving_expressive	AOSP_SETTINGS	res/drawable/modes_interstitial_driving_expressive.xml	EXACT_ANDROID17_NAME_MATCH
com.android.settings	modes_interstitial_other_expressive	AOSP_SETTINGS	res/drawable/modes_interstitial_other_expressive.xml	EXACT_ANDROID17_NAME_MATCH
com.android.settings	modes_interstitial_theater_expressive	AOSP_SETTINGS	res/drawable/modes_interstitial_theater_expressive.xml	EXACT_ANDROID17_NAME_MATCH
com.android.settings	modes_interstitial_transit_expressive	AOSP_SETTINGS	res/drawable/modes_interstitial_transit_expressive.xml	EXACT_ANDROID17_NAME_MATCH
com.android.settings	modes_interstitial_unknown_expressive	AOSP_SETTINGS	res/drawable/modes_interstitial_unknown_expressive.xml	EXACT_ANDROID17_NAME_MATCH
com.android.settings	safety_center_expressive_shield_glyph_icon_status_level_high	AOSP_SETTINGS	res/drawable/safety_center_expressive_shield_glyph_icon_status_level_high.xml	EXACT_ANDROID17_NAME_MATCH
com.android.settings	safety_center_expressive_shield_glyph_icon_status_level_low	AOSP_SETTINGS	res/drawable/safety_center_expressive_shield_glyph_icon_status_level_low.xml	EXACT_ANDROID17_NAME_MATCH
com.android.settings	safety_center_expressive_shield_glyph_icon_status_level_medium	AOSP_SETTINGS	res/drawable/safety_center_expressive_shield_glyph_icon_status_level_medium.xml	EXACT_ANDROID17_NAME_MATCH
com.android.settings	safety_center_expressive_shield_status_level_high_anim	AOSP_SETTINGS	res/drawable/safety_center_expressive_shield_status_level_high_anim.xml	EXACT_ANDROID17_NAME_MATCH
com.android.settings	safety_center_expressive_shield_status_level_low_anim	AOSP_SETTINGS	res/drawable/safety_center_expressive_shield_status_level_low_anim.xml	EXACT_ANDROID17_NAME_MATCH
com.android.settings	safety_center_expressive_shield_status_level_medium_anim	AOSP_SETTINGS	res/drawable/safety_center_expressive_shield_status_level_medium_anim.xml	EXACT_ANDROID17_NAME_MATCH
com.android.settings,com.android.systemui	settings_expressive_spinner_dropdown_background	AOSP_SETTINGSLIB	SettingsSpinner/res/drawable-v36/settings_expressive_spinner_dropdown_background.xml	EXACT_ANDROID17_NAME_MATCH
com.android.settings,com.android.systemui	settings_expressive_spinner_dropdown_item_selected	AOSP_SETTINGSLIB	SettingsSpinner/res/drawable-v36/settings_expressive_spinner_dropdown_item_selected.xml	EXACT_ANDROID17_NAME_MATCH
com.android.settings	settingslib_expressive_background_generic	AOSP_SETTINGSLIB	StatusBannerPreference/res/drawable/settingslib_expressive_background_generic.xml	EXACT_ANDROID17_NAME_MATCH
com.android.settings	settingslib_expressive_background_level_high	AOSP_SETTINGSLIB	StatusBannerPreference/res/drawable-night/settingslib_expressive_background_level_high.xml	EXACT_ANDROID17_NAME_MATCH
com.android.settings	settingslib_expressive_background_level_high	AOSP_SETTINGSLIB	StatusBannerPreference/res/drawable/settingslib_expressive_background_level_high.xml	EXACT_ANDROID17_NAME_MATCH
com.android.settings	settingslib_expressive_background_level_low	AOSP_SETTINGSLIB	StatusBannerPreference/res/drawable-night/settingslib_expressive_background_level_low.xml	EXACT_ANDROID17_NAME_MATCH
com.android.settings	settingslib_expressive_background_level_low	AOSP_SETTINGSLIB	StatusBannerPreference/res/drawable/settingslib_expressive_background_level_low.xml	EXACT_ANDROID17_NAME_MATCH
com.android.settings	settingslib_expressive_background_level_medium	AOSP_SETTINGSLIB	StatusBannerPreference/res/drawable-night/settingslib_expressive_background_level_medium.xml	EXACT_ANDROID17_NAME_MATCH
com.android.settings	settingslib_expressive_background_level_medium	AOSP_SETTINGSLIB	StatusBannerPreference/res/drawable/settingslib_expressive_background_level_medium.xml	EXACT_ANDROID17_NAME_MATCH
com.android.settings	settingslib_expressive_button_background_filled	AOSP_SETTINGSLIB	SettingsTheme/res/drawable/settingslib_expressive_button_background_filled.xml	EXACT_ANDROID17_NAME_MATCH
com.android.settings	settingslib_expressive_button_background_outline	AOSP_SETTINGSLIB	SettingsTheme/res/drawable/settingslib_expressive_button_background_outline.xml	EXACT_ANDROID17_NAME_MATCH
com.android.settings,com.android.systemui	settingslib_expressive_card_background	AOSP_SETTINGSLIB	BannerMessagePreference/res/drawable-v36/settingslib_expressive_card_background.xml	EXACT_ANDROID17_NAME_MATCH
com.android.settings	settingslib_expressive_floating_toolbar_item_background	AOSP_SETTINGSLIB	CollapsingToolbarBaseActivity/res/drawable-v36/settingslib_expressive_floating_toolbar_item_background.xml	EXACT_ANDROID17_NAME_MATCH
com.android.settings	settingslib_expressive_header_icon_background	AOSP_SETTINGSLIB	IntroPreference/res/drawable/settingslib_expressive_header_icon_background.xml	EXACT_ANDROID17_NAME_MATCH
com.android.settings	settingslib_expressive_icon_back	AOSP_SETTINGSLIB	CollapsingToolbarBaseActivity/res/drawable-v36/settingslib_expressive_icon_back.xml	EXACT_ANDROID17_NAME_MATCH
com.android.settings	settingslib_expressive_icon_bullet_start	AOSP_SETTINGSLIB	SettingsTheme/res/drawable/settingslib_expressive_icon_bullet_start.xml	EXACT_ANDROID17_NAME_MATCH
com.android.settings,com.android.systemui	settingslib_expressive_icon_check	AOSP_SETTINGSLIB	SettingsTheme/res/drawable/settingslib_expressive_icon_check.xml	EXACT_ANDROID17_NAME_MATCH
com.android.settings,com.android.systemui	settingslib_expressive_icon_chevron	AOSP_SETTINGSLIB	SettingsTheme/res/drawable/settingslib_expressive_icon_chevron.xml	EXACT_ANDROID17_NAME_MATCH
com.android.settings,com.android.systemui	settingslib_expressive_icon_close	AOSP_SETTINGSLIB	SettingsTheme/res/drawable/settingslib_expressive_icon_close.xml	EXACT_ANDROID17_NAME_MATCH
com.android.settings,com.android.systemui	settingslib_expressive_icon_collapse	AOSP_SETTINGSLIB	SettingsTheme/res/drawable/settingslib_expressive_icon_collapse.xml	EXACT_ANDROID17_NAME_MATCH
com.android.settings,com.android.systemui	settingslib_expressive_icon_cross	AOSP_SETTINGSLIB	SettingsTheme/res/drawable/settingslib_expressive_icon_cross.xml	EXACT_ANDROID17_NAME_MATCH
com.android.settings,com.android.systemui	settingslib_expressive_icon_expand	AOSP_SETTINGSLIB	SettingsTheme/res/drawable/settingslib_expressive_icon_expand.xml	EXACT_ANDROID17_NAME_MATCH
com.android.settings	settingslib_expressive_icon_level_high	AOSP_SETTINGSLIB	SettingsTheme/res/drawable/settingslib_expressive_icon_level_high.xml	EXACT_ANDROID17_NAME_MATCH
com.android.settings	settingslib_expressive_icon_level_low	AOSP_SETTINGSLIB	SettingsTheme/res/drawable/settingslib_expressive_icon_level_low.xml	EXACT_ANDROID17_NAME_MATCH
com.android.settings	settingslib_expressive_icon_level_medium	AOSP_SETTINGSLIB	SettingsTheme/res/drawable/settingslib_expressive_icon_level_medium.xml	EXACT_ANDROID17_NAME_MATCH
com.android.settings	settingslib_expressive_icon_level_normal	AOSP_SETTINGSLIB	SettingsTheme/res/drawable/settingslib_expressive_icon_level_normal.xml	EXACT_ANDROID17_NAME_MATCH
com.android.settings	settingslib_expressive_icon_more_vert	AOSP_SETTINGSLIB	MenuPreference/res/drawable/settingslib_expressive_icon_more_vert.xml	EXACT_ANDROID17_NAME_MATCH
com.android.settings	settingslib_expressive_icon_status_level_high	AOSP_SETTINGSLIB	StatusBannerPreference/res/drawable/settingslib_expressive_icon_status_level_high.xml	EXACT_ANDROID17_NAME_MATCH
com.android.settings	settingslib_expressive_icon_status_level_low	AOSP_SETTINGSLIB	StatusBannerPreference/res/drawable/settingslib_expressive_icon_status_level_low.xml	EXACT_ANDROID17_NAME_MATCH
com.android.settings	settingslib_expressive_icon_status_level_medium	AOSP_SETTINGSLIB	StatusBannerPreference/res/drawable/settingslib_expressive_icon_status_level_medium.xml	EXACT_ANDROID17_NAME_MATCH
com.android.settings	settingslib_expressive_icon_status_level_off	AOSP_SETTINGSLIB	StatusBannerPreference/res/drawable/settingslib_expressive_icon_status_level_off.xml	EXACT_ANDROID17_NAME_MATCH
com.android.settings	settingslib_expressive_icon_up	AOSP_SETTINGSLIB	SettingsTheme/res/drawable/settingslib_expressive_icon_up.xml	EXACT_ANDROID17_NAME_MATCH
com.android.settings	settingslib_expressive_searchbox_search_icon_24dp	AOSP_SETTINGSLIB	SearchBoxPreference/res/drawable/settingslib_expressive_searchbox_search_icon_24dp.xml	EXACT_ANDROID17_NAME_MATCH
com.android.settings,com.android.systemui	settingslib_expressive_spinner_background	AOSP_SETTINGSLIB	SettingsTheme/res/drawable-v36/settingslib_expressive_spinner_background.xml	EXACT_ANDROID17_NAME_MATCH
com.android.settings,com.android.systemui	settingslib_expressive_spinner_background_outlined	AOSP_SETTINGSLIB	SettingsTheme/res/drawable-v36/settingslib_expressive_spinner_background_outlined.xml	EXACT_ANDROID17_NAME_MATCH
com.android.settings,com.android.systemui	settingslib_expressive_spinner_dropdown_background	AOSP_SETTINGSLIB	SettingsTheme/res/drawable-v36/settingslib_expressive_spinner_dropdown_background.xml	EXACT_ANDROID17_NAME_MATCH
com.android.settings,com.android.systemui	settingslib_expressive_switch_bar_bg	AOSP_SETTINGSLIB	MainSwitchPreference/res/drawable-v36/settingslib_expressive_switch_bar_bg.xml	EXACT_ANDROID17_NAME_MATCH
com.android.settings,com.android.systemui	settingslib_expressive_switch_thumb_icon	AOSP_SETTINGSLIB	SettingsTheme/res/drawable/settingslib_expressive_switch_thumb_icon.xml	EXACT_ANDROID17_NAME_MATCH
com.android.settings	settingslib_expressive_zerostate_background	AOSP_SETTINGSLIB	ZeroStatePreference/res/drawable/settingslib_expressive_zerostate_background.xml	EXACT_ANDROID17_NAME_MATCH
com.android.settings,com.android.systemui	sud_ic_switch_check_mark_expressive			NO_MATCH_IN_SETTINGS_SETTINGSLIB_SYSTEMUI_CORE
com.android.settings,com.android.systemui	sud_ic_switch_selector_expressive			NO_MATCH_IN_SETTINGS_SETTINGSLIB_SYSTEMUI_CORE
com.android.settings,com.android.systemui	sud_ic_switch_uncheck_mark_expressive			NO_MATCH_IN_SETTINGS_SETTINGSLIB_SYSTEMUI_CORE
