# expressive_resource	wrapped_drawable	tint_role	homepage_consumer	evidence
ic_help_expressive	ic_help_filled	homepage_support_foreground		AOSP_TINTDRAWABLE
ic_notifications_expressive	ic_notifications_filled	homepage_notification_foreground	ic_homepage_notification	AOSP_TINTDRAWABLE_AND_HOMEPAGE
ic_settings_about_device_expressive	ic_settings_about_device_filled	homepage_about_foreground	ic_homepage_about	AOSP_TINTDRAWABLE_AND_HOMEPAGE
ic_settings_accessibility_expressive	ic_settings_accessibility_filled	homepage_accessibility_foreground	ic_homepage_accessibility	AOSP_TINTDRAWABLE_AND_HOMEPAGE
ic_settings_battery_expressive	ic_settings_battery_filled	homepage_battery_foreground	ic_homepage_battery	AOSP_TINTDRAWABLE_AND_HOMEPAGE
ic_settings_display_expressive	ic_settings_display_filled	homepage_display_foreground	ic_homepage_display	AOSP_TINTDRAWABLE_AND_HOMEPAGE
ic_settings_emergency_expressive	ic_settings_emergency_filled	homepage_safety_foreground	ic_homepage_emergency	AOSP_TINTDRAWABLE_AND_HOMEPAGE
ic_settings_location_expressive	ic_settings_location_filled	homepage_location_foreground	ic_homepage_location	AOSP_TINTDRAWABLE_AND_HOMEPAGE
ic_settings_passwords_expressive	ic_settings_passwords_filled	homepage_accounts_foreground		AOSP_TINTDRAWABLE
ic_settings_privacy_expressive	ic_settings_privacy_filled	homepage_security_foreground		AOSP_TINTDRAWABLE
ic_settings_safety_center_expressive	ic_settings_safety_center_filled	homepage_security_foreground	ic_homepage_safety_center	AOSP_TINTDRAWABLE_AND_HOMEPAGE
ic_settings_security_expressive	ic_settings_security_filled	homepage_security_foreground	ic_homepage_security	AOSP_TINTDRAWABLE_AND_HOMEPAGE
ic_settings_system_dashboard_expressive	ic_settings_system_dashboard_filled	homepage_system_foreground	ic_homepage_system_dashboard	AOSP_TINTDRAWABLE_AND_HOMEPAGE
ic_settings_wireless_expressive	ic_settings_wireless_filled	homepage_network_foreground	ic_homepage_network	AOSP_TINTDRAWABLE_AND_HOMEPAGE
ic_storage_expressive	ic_storage_filled	homepage_storage_foreground	ic_homepage_storage	AOSP_TINTDRAWABLE_AND_HOMEPAGE
ic_volume_up_expressive	ic_volume_up_filled	homepage_sound_foreground	ic_homepage_sound	AOSP_TINTDRAWABLE_AND_HOMEPAGE
