target_package	resource_name	upstream_project	upstream_ref	upstream_path	match
com.android.settings	ambient_expand_icon_background_expressive	platform/packages/apps/Settings	213829fb67f5e070029e0513a088f31bc8f5c1ed	res/drawable/ambient_expand_icon_background_expressive.xml	EXACT_NAME
com.android.settings	ambient_icon_background_expressive	platform/packages/apps/Settings	213829fb67f5e070029e0513a088f31bc8f5c1ed	res/drawable/ambient_icon_background_expressive.xml	EXACT_NAME
com.android.settings	content_protection_preference_illustration_expressive	platform/packages/apps/Settings	213829fb67f5e070029e0513a088f31bc8f5c1ed	res/drawable/content_protection_preference_illustration_expressive.xml	EXACT_NAME
com.android.settings	face_enroll_icon_large_expressive	platform/packages/apps/Settings	213829fb67f5e070029e0513a088f31bc8f5c1ed	res/drawable/face_enroll_icon_large_expressive.xml	EXACT_NAME
com.android.settings	ia_settings_communal_expressive	platform/packages/apps/Settings	213829fb67f5e070029e0513a088f31bc8f5c1ed	res/drawable/ia_settings_communal_expressive.xml	EXACT_NAME
com.android.settings	ic_account_child_invert_expressive	platform/packages/apps/Settings	213829fb67f5e070029e0513a088f31bc8f5c1ed	res/drawable/ic_account_child_invert_expressive.xml	EXACT_NAME
com.android.settings	ic_apps_expressive	platform/packages/apps/Settings	213829fb67f5e070029e0513a088f31bc8f5c1ed	res/drawable/ic_apps_expressive.xml	EXACT_NAME
com.android.settings	ic_devices_other_expressive	platform/packages/apps/Settings	213829fb67f5e070029e0513a088f31bc8f5c1ed	res/drawable/ic_devices_other_expressive.xml	EXACT_NAME
com.android.settings	ic_help_expressive	platform/packages/apps/Settings	213829fb67f5e070029e0513a088f31bc8f5c1ed	res/drawable/ic_help_expressive.xml	EXACT_NAME
com.android.settings	ic_notifications_expressive	platform/packages/apps/Settings	213829fb67f5e070029e0513a088f31bc8f5c1ed	res/drawable/ic_notifications_expressive.xml	EXACT_NAME
com.android.settings	ic_settings_about_device_expressive	platform/packages/apps/Settings	213829fb67f5e070029e0513a088f31bc8f5c1ed	res/drawable/ic_settings_about_device_expressive.xml	EXACT_NAME
com.android.settings	ic_settings_accessibility_expressive	platform/packages/apps/Settings	213829fb67f5e070029e0513a088f31bc8f5c1ed	res/drawable/ic_settings_accessibility_expressive.xml	EXACT_NAME
com.android.settings	ic_settings_accounts_and_backup_expressive	platform/packages/apps/Settings	213829fb67f5e070029e0513a088f31bc8f5c1ed	res/drawable/ic_settings_accounts_and_backup_expressive.xml	EXACT_NAME
com.android.settings	ic_settings_battery_expressive	platform/packages/apps/Settings	213829fb67f5e070029e0513a088f31bc8f5c1ed	res/drawable/ic_settings_battery_expressive.xml	EXACT_NAME
com.android.settings	ic_settings_device_expressive	platform/packages/apps/Settings	213829fb67f5e070029e0513a088f31bc8f5c1ed	res/drawable/ic_settings_device_expressive.xml	EXACT_NAME
com.android.settings	ic_settings_display_expressive	platform/packages/apps/Settings	213829fb67f5e070029e0513a088f31bc8f5c1ed	res/drawable/ic_settings_display_expressive.xml	EXACT_NAME
com.android.settings	ic_settings_emergency_expressive	platform/packages/apps/Settings	213829fb67f5e070029e0513a088f31bc8f5c1ed	res/drawable/ic_settings_emergency_expressive.xml	EXACT_NAME
com.android.settings	ic_settings_location_expressive	platform/packages/apps/Settings	213829fb67f5e070029e0513a088f31bc8f5c1ed	res/drawable/ic_settings_location_expressive.xml	EXACT_NAME
com.android.settings	ic_settings_passwords_expressive	platform/packages/apps/Settings	213829fb67f5e070029e0513a088f31bc8f5c1ed	res/drawable/ic_settings_passwords_expressive.xml	EXACT_NAME
com.android.settings	ic_settings_privacy_expressive	platform/packages/apps/Settings	213829fb67f5e070029e0513a088f31bc8f5c1ed	res/drawable/ic_settings_privacy_expressive.xml	EXACT_NAME
com.android.settings	ic_settings_safety_center_expressive	platform/packages/apps/Settings	213829fb67f5e070029e0513a088f31bc8f5c1ed	res/drawable/ic_settings_safety_center_expressive.xml	EXACT_NAME
com.android.settings	ic_settings_security_expressive	platform/packages/apps/Settings	213829fb67f5e070029e0513a088f31bc8f5c1ed	res/drawable/ic_settings_security_expressive.xml	EXACT_NAME
com.android.settings	ic_settings_system_dashboard_expressive	platform/packages/apps/Settings	213829fb67f5e070029e0513a088f31bc8f5c1ed	res/drawable/ic_settings_system_dashboard_expressive.xml	EXACT_NAME
com.android.settings	ic_settings_wallpaper_expressive	platform/packages/apps/Settings	213829fb67f5e070029e0513a088f31bc8f5c1ed	res/drawable/ic_settings_wallpaper_expressive.xml	EXACT_NAME
com.android.settings	ic_settings_wireless_expressive	platform/packages/apps/Settings	213829fb67f5e070029e0513a088f31bc8f5c1ed	res/drawable/ic_settings_wireless_expressive.xml	EXACT_NAME
com.android.settings	ic_storage_expressive	platform/packages/apps/Settings	213829fb67f5e070029e0513a088f31bc8f5c1ed	res/drawable/ic_storage_expressive.xml	EXACT_NAME
com.android.settings	ic_suggested_notifications_expressive	platform/packages/apps/Settings	213829fb67f5e070029e0513a088f31bc8f5c1ed	res/drawable/ic_suggested_notifications_expressive.xml	EXACT_NAME
com.android.settings	ic_volume_up_expressive	platform/packages/apps/Settings	213829fb67f5e070029e0513a088f31bc8f5c1ed	res/drawable/ic_volume_up_expressive.xml	EXACT_NAME
com.android.settings	ic_zen_priority_modes_expressive	platform/packages/apps/Settings	213829fb67f5e070029e0513a088f31bc8f5c1ed	res/drawable/ic_zen_priority_modes_expressive.xml	EXACT_NAME
com.android.settings	modes_interstitial_bedtime_expressive	platform/packages/apps/Settings	213829fb67f5e070029e0513a088f31bc8f5c1ed	res/drawable/modes_interstitial_bedtime_expressive.xml	EXACT_NAME
com.android.settings	modes_interstitial_driving_expressive	platform/packages/apps/Settings	213829fb67f5e070029e0513a088f31bc8f5c1ed	res/drawable/modes_interstitial_driving_expressive.xml	EXACT_NAME
com.android.settings	modes_interstitial_other_expressive	platform/packages/apps/Settings	213829fb67f5e070029e0513a088f31bc8f5c1ed	res/drawable/modes_interstitial_other_expressive.xml	EXACT_NAME
com.android.settings	modes_interstitial_theater_expressive	platform/packages/apps/Settings	213829fb67f5e070029e0513a088f31bc8f5c1ed	res/drawable/modes_interstitial_theater_expressive.xml	EXACT_NAME
com.android.settings	modes_interstitial_transit_expressive	platform/packages/apps/Settings	213829fb67f5e070029e0513a088f31bc8f5c1ed	res/drawable/modes_interstitial_transit_expressive.xml	EXACT_NAME
com.android.settings	modes_interstitial_unknown_expressive	platform/packages/apps/Settings	213829fb67f5e070029e0513a088f31bc8f5c1ed	res/drawable/modes_interstitial_unknown_expressive.xml	EXACT_NAME
com.android.settings	safety_center_expressive_shield_glyph_icon_status_level_high	platform/packages/apps/Settings	213829fb67f5e070029e0513a088f31bc8f5c1ed	res/drawable/safety_center_expressive_shield_glyph_icon_status_level_high.xml	EXACT_NAME
com.android.settings	safety_center_expressive_shield_glyph_icon_status_level_low	platform/packages/apps/Settings	213829fb67f5e070029e0513a088f31bc8f5c1ed	res/drawable/safety_center_expressive_shield_glyph_icon_status_level_low.xml	EXACT_NAME
com.android.settings	safety_center_expressive_shield_glyph_icon_status_level_medium	platform/packages/apps/Settings	213829fb67f5e070029e0513a088f31bc8f5c1ed	res/drawable/safety_center_expressive_shield_glyph_icon_status_level_medium.xml	EXACT_NAME
com.android.settings	safety_center_expressive_shield_status_level_high_anim	platform/packages/apps/Settings	213829fb67f5e070029e0513a088f31bc8f5c1ed	res/drawable/safety_center_expressive_shield_status_level_high_anim.xml	EXACT_NAME
com.android.settings	safety_center_expressive_shield_status_level_low_anim	platform/packages/apps/Settings	213829fb67f5e070029e0513a088f31bc8f5c1ed	res/drawable/safety_center_expressive_shield_status_level_low_anim.xml	EXACT_NAME
com.android.settings	safety_center_expressive_shield_status_level_medium_anim	platform/packages/apps/Settings	213829fb67f5e070029e0513a088f31bc8f5c1ed	res/drawable/safety_center_expressive_shield_status_level_medium_anim.xml	EXACT_NAME
com.android.settings	settings_expressive_spinner_dropdown_background	platform/frameworks/base	94b4c163b7dfe5ce3607f7bb8456f9573f7de57d	packages/SettingsLib/SettingsSpinner/res/drawable-v36/settings_expressive_spinner_dropdown_background.xml	EXACT_NAME
com.android.settings	settings_expressive_spinner_dropdown_item_selected	platform/frameworks/base	94b4c163b7dfe5ce3607f7bb8456f9573f7de57d	packages/SettingsLib/SettingsSpinner/res/drawable-v36/settings_expressive_spinner_dropdown_item_selected.xml	EXACT_NAME
com.android.settings	settingslib_expressive_background_generic	platform/frameworks/base	94b4c163b7dfe5ce3607f7bb8456f9573f7de57d	packages/SettingsLib/StatusBannerPreference/res/drawable/settingslib_expressive_background_generic.xml	EXACT_NAME
com.android.settings	settingslib_expressive_background_level_high	platform/frameworks/base	94b4c163b7dfe5ce3607f7bb8456f9573f7de57d	packages/SettingsLib/StatusBannerPreference/res/drawable-night/settingslib_expressive_background_level_high.xml;packages/SettingsLib/StatusBannerPreference/res/drawable/settingslib_expressive_background_level_high.xml	EXACT_NAME
com.android.settings	settingslib_expressive_background_level_low	platform/frameworks/base	94b4c163b7dfe5ce3607f7bb8456f9573f7de57d	packages/SettingsLib/StatusBannerPreference/res/drawable-night/settingslib_expressive_background_level_low.xml;packages/SettingsLib/StatusBannerPreference/res/drawable/settingslib_expressive_background_level_low.xml	EXACT_NAME
com.android.settings	settingslib_expressive_background_level_medium	platform/frameworks/base	94b4c163b7dfe5ce3607f7bb8456f9573f7de57d	packages/SettingsLib/StatusBannerPreference/res/drawable-night/settingslib_expressive_background_level_medium.xml;packages/SettingsLib/StatusBannerPreference/res/drawable/settingslib_expressive_background_level_medium.xml	EXACT_NAME
com.android.settings	settingslib_expressive_button_background_filled	platform/frameworks/base	94b4c163b7dfe5ce3607f7bb8456f9573f7de57d	packages/SettingsLib/SettingsTheme/res/drawable/settingslib_expressive_button_background_filled.xml	EXACT_NAME
com.android.settings	settingslib_expressive_button_background_outline	platform/frameworks/base	94b4c163b7dfe5ce3607f7bb8456f9573f7de57d	packages/SettingsLib/SettingsTheme/res/drawable/settingslib_expressive_button_background_outline.xml	EXACT_NAME
com.android.settings	settingslib_expressive_card_background	platform/frameworks/base	94b4c163b7dfe5ce3607f7bb8456f9573f7de57d	packages/SettingsLib/BannerMessagePreference/res/drawable-v36/settingslib_expressive_card_background.xml	EXACT_NAME
com.android.settings	settingslib_expressive_floating_toolbar_item_background	platform/frameworks/base	94b4c163b7dfe5ce3607f7bb8456f9573f7de57d	packages/SettingsLib/CollapsingToolbarBaseActivity/res/drawable-v36/settingslib_expressive_floating_toolbar_item_background.xml	EXACT_NAME
com.android.settings	settingslib_expressive_header_icon_background	platform/frameworks/base	94b4c163b7dfe5ce3607f7bb8456f9573f7de57d	packages/SettingsLib/IntroPreference/res/drawable/settingslib_expressive_header_icon_background.xml	EXACT_NAME
com.android.settings	settingslib_expressive_icon_back	platform/frameworks/base	94b4c163b7dfe5ce3607f7bb8456f9573f7de57d	packages/SettingsLib/CollapsingToolbarBaseActivity/res/drawable-v36/settingslib_expressive_icon_back.xml	EXACT_NAME
com.android.settings	settingslib_expressive_icon_bullet_start	platform/frameworks/base	94b4c163b7dfe5ce3607f7bb8456f9573f7de57d	packages/SettingsLib/SettingsTheme/res/drawable/settingslib_expressive_icon_bullet_start.xml	EXACT_NAME
com.android.settings	settingslib_expressive_icon_check	platform/frameworks/base	94b4c163b7dfe5ce3607f7bb8456f9573f7de57d	packages/SettingsLib/SettingsTheme/res/drawable/settingslib_expressive_icon_check.xml	EXACT_NAME
com.android.settings	settingslib_expressive_icon_chevron	platform/frameworks/base	94b4c163b7dfe5ce3607f7bb8456f9573f7de57d	packages/SettingsLib/SettingsTheme/res/drawable/settingslib_expressive_icon_chevron.xml	EXACT_NAME
com.android.settings	settingslib_expressive_icon_close	platform/frameworks/base	94b4c163b7dfe5ce3607f7bb8456f9573f7de57d	packages/SettingsLib/SettingsTheme/res/drawable/settingslib_expressive_icon_close.xml	EXACT_NAME
com.android.settings	settingslib_expressive_icon_collapse	platform/frameworks/base	94b4c163b7dfe5ce3607f7bb8456f9573f7de57d	packages/SettingsLib/SettingsTheme/res/drawable/settingslib_expressive_icon_collapse.xml	EXACT_NAME
com.android.settings	settingslib_expressive_icon_cross	platform/frameworks/base	94b4c163b7dfe5ce3607f7bb8456f9573f7de57d	packages/SettingsLib/SettingsTheme/res/drawable/settingslib_expressive_icon_cross.xml	EXACT_NAME
com.android.settings	settingslib_expressive_icon_expand	platform/frameworks/base	94b4c163b7dfe5ce3607f7bb8456f9573f7de57d	packages/SettingsLib/SettingsTheme/res/drawable/settingslib_expressive_icon_expand.xml	EXACT_NAME
com.android.settings	settingslib_expressive_icon_level_high	platform/frameworks/base	94b4c163b7dfe5ce3607f7bb8456f9573f7de57d	packages/SettingsLib/SettingsTheme/res/drawable/settingslib_expressive_icon_level_high.xml	EXACT_NAME
com.android.settings	settingslib_expressive_icon_level_low	platform/frameworks/base	94b4c163b7dfe5ce3607f7bb8456f9573f7de57d	packages/SettingsLib/SettingsTheme/res/drawable/settingslib_expressive_icon_level_low.xml	EXACT_NAME
com.android.settings	settingslib_expressive_icon_level_medium	platform/frameworks/base	94b4c163b7dfe5ce3607f7bb8456f9573f7de57d	packages/SettingsLib/SettingsTheme/res/drawable/settingslib_expressive_icon_level_medium.xml	EXACT_NAME
com.android.settings	settingslib_expressive_icon_level_normal	platform/frameworks/base	94b4c163b7dfe5ce3607f7bb8456f9573f7de57d	packages/SettingsLib/SettingsTheme/res/drawable/settingslib_expressive_icon_level_normal.xml	EXACT_NAME
com.android.settings	settingslib_expressive_icon_more_vert	platform/frameworks/base	94b4c163b7dfe5ce3607f7bb8456f9573f7de57d	packages/SettingsLib/MenuPreference/res/drawable/settingslib_expressive_icon_more_vert.xml	EXACT_NAME
com.android.settings	settingslib_expressive_icon_status_level_high	platform/frameworks/base	94b4c163b7dfe5ce3607f7bb8456f9573f7de57d	packages/SettingsLib/StatusBannerPreference/res/drawable/settingslib_expressive_icon_status_level_high.xml	EXACT_NAME
com.android.settings	settingslib_expressive_icon_status_level_low	platform/frameworks/base	94b4c163b7dfe5ce3607f7bb8456f9573f7de57d	packages/SettingsLib/StatusBannerPreference/res/drawable/settingslib_expressive_icon_status_level_low.xml	EXACT_NAME
com.android.settings	settingslib_expressive_icon_status_level_medium	platform/frameworks/base	94b4c163b7dfe5ce3607f7bb8456f9573f7de57d	packages/SettingsLib/StatusBannerPreference/res/drawable/settingslib_expressive_icon_status_level_medium.xml	EXACT_NAME
com.android.settings	settingslib_expressive_icon_status_level_off	platform/frameworks/base	94b4c163b7dfe5ce3607f7bb8456f9573f7de57d	packages/SettingsLib/StatusBannerPreference/res/drawable/settingslib_expressive_icon_status_level_off.xml	EXACT_NAME
com.android.settings	settingslib_expressive_icon_up	platform/frameworks/base	94b4c163b7dfe5ce3607f7bb8456f9573f7de57d	packages/SettingsLib/SettingsTheme/res/drawable/settingslib_expressive_icon_up.xml	EXACT_NAME
com.android.settings	settingslib_expressive_searchbox_search_icon_24dp	platform/frameworks/base	94b4c163b7dfe5ce3607f7bb8456f9573f7de57d	packages/SettingsLib/SearchBoxPreference/res/drawable/settingslib_expressive_searchbox_search_icon_24dp.xml	EXACT_NAME
com.android.settings	settingslib_expressive_spinner_background	platform/frameworks/base	94b4c163b7dfe5ce3607f7bb8456f9573f7de57d	packages/SettingsLib/SettingsTheme/res/drawable-v36/settingslib_expressive_spinner_background.xml	EXACT_NAME
com.android.settings	settingslib_expressive_spinner_background_outlined	platform/frameworks/base	94b4c163b7dfe5ce3607f7bb8456f9573f7de57d	packages/SettingsLib/SettingsTheme/res/drawable-v36/settingslib_expressive_spinner_background_outlined.xml	EXACT_NAME
com.android.settings	settingslib_expressive_spinner_dropdown_background	platform/frameworks/base	94b4c163b7dfe5ce3607f7bb8456f9573f7de57d	packages/SettingsLib/SettingsTheme/res/drawable-v36/settingslib_expressive_spinner_dropdown_background.xml	EXACT_NAME
com.android.settings	settingslib_expressive_switch_bar_bg	platform/frameworks/base	94b4c163b7dfe5ce3607f7bb8456f9573f7de57d	packages/SettingsLib/MainSwitchPreference/res/drawable-v36/settingslib_expressive_switch_bar_bg.xml	EXACT_NAME
com.android.settings	settingslib_expressive_switch_thumb_icon	platform/frameworks/base	94b4c163b7dfe5ce3607f7bb8456f9573f7de57d	packages/SettingsLib/SettingsTheme/res/drawable/settingslib_expressive_switch_thumb_icon.xml	EXACT_NAME
com.android.settings	settingslib_expressive_zerostate_background	platform/frameworks/base	94b4c163b7dfe5ce3607f7bb8456f9573f7de57d	packages/SettingsLib/ZeroStatePreference/res/drawable/settingslib_expressive_zerostate_background.xml	EXACT_NAME
com.android.systemui	settings_expressive_spinner_dropdown_background	platform/frameworks/base	94b4c163b7dfe5ce3607f7bb8456f9573f7de57d	packages/SettingsLib/SettingsSpinner/res/drawable-v36/settings_expressive_spinner_dropdown_background.xml	EXACT_NAME
com.android.systemui	settings_expressive_spinner_dropdown_item_selected	platform/frameworks/base	94b4c163b7dfe5ce3607f7bb8456f9573f7de57d	packages/SettingsLib/SettingsSpinner/res/drawable-v36/settings_expressive_spinner_dropdown_item_selected.xml	EXACT_NAME
com.android.systemui	settingslib_expressive_card_background	platform/frameworks/base	94b4c163b7dfe5ce3607f7bb8456f9573f7de57d	packages/SettingsLib/BannerMessagePreference/res/drawable-v36/settingslib_expressive_card_background.xml	EXACT_NAME
com.android.systemui	settingslib_expressive_icon_check	platform/frameworks/base	94b4c163b7dfe5ce3607f7bb8456f9573f7de57d	packages/SettingsLib/SettingsTheme/res/drawable/settingslib_expressive_icon_check.xml	EXACT_NAME
com.android.systemui	settingslib_expressive_icon_chevron	platform/frameworks/base	94b4c163b7dfe5ce3607f7bb8456f9573f7de57d	packages/SettingsLib/SettingsTheme/res/drawable/settingslib_expressive_icon_chevron.xml	EXACT_NAME
com.android.systemui	settingslib_expressive_icon_close	platform/frameworks/base	94b4c163b7dfe5ce3607f7bb8456f9573f7de57d	packages/SettingsLib/SettingsTheme/res/drawable/settingslib_expressive_icon_close.xml	EXACT_NAME
com.android.systemui	settingslib_expressive_icon_collapse	platform/frameworks/base	94b4c163b7dfe5ce3607f7bb8456f9573f7de57d	packages/SettingsLib/SettingsTheme/res/drawable/settingslib_expressive_icon_collapse.xml	EXACT_NAME
com.android.systemui	settingslib_expressive_icon_cross	platform/frameworks/base	94b4c163b7dfe5ce3607f7bb8456f9573f7de57d	packages/SettingsLib/SettingsTheme/res/drawable/settingslib_expressive_icon_cross.xml	EXACT_NAME
com.android.systemui	settingslib_expressive_icon_expand	platform/frameworks/base	94b4c163b7dfe5ce3607f7bb8456f9573f7de57d	packages/SettingsLib/SettingsTheme/res/drawable/settingslib_expressive_icon_expand.xml	EXACT_NAME
com.android.systemui	settingslib_expressive_spinner_background	platform/frameworks/base	94b4c163b7dfe5ce3607f7bb8456f9573f7de57d	packages/SettingsLib/SettingsTheme/res/drawable-v36/settingslib_expressive_spinner_background.xml	EXACT_NAME
com.android.systemui	settingslib_expressive_spinner_background_outlined	platform/frameworks/base	94b4c163b7dfe5ce3607f7bb8456f9573f7de57d	packages/SettingsLib/SettingsTheme/res/drawable-v36/settingslib_expressive_spinner_background_outlined.xml	EXACT_NAME
com.android.systemui	settingslib_expressive_spinner_dropdown_background	platform/frameworks/base	94b4c163b7dfe5ce3607f7bb8456f9573f7de57d	packages/SettingsLib/SettingsTheme/res/drawable-v36/settingslib_expressive_spinner_dropdown_background.xml	EXACT_NAME
com.android.systemui	settingslib_expressive_switch_bar_bg	platform/frameworks/base	94b4c163b7dfe5ce3607f7bb8456f9573f7de57d	packages/SettingsLib/MainSwitchPreference/res/drawable-v36/settingslib_expressive_switch_bar_bg.xml	EXACT_NAME
com.android.systemui	settingslib_expressive_switch_thumb_icon	platform/frameworks/base	94b4c163b7dfe5ce3607f7bb8456f9573f7de57d	packages/SettingsLib/SettingsTheme/res/drawable/settingslib_expressive_switch_thumb_icon.xml	EXACT_NAME
