expressive_resource	wrapped_drawable	tint_role	target_package	evidence
ia_settings_communal_expressive	ia_settings_communal	homepage_hub_mode_foreground	com.android.settings	CURRENT_TARGET_BINARY_XML
ic_account_child_invert_expressive	ic_account_child_invert	homepage_supervision_foreground	com.android.settings	CURRENT_TARGET_BINARY_XML
ic_apps_expressive	ic_apps_filled	homepage_apps_foreground	com.android.settings	CURRENT_TARGET_BINARY_XML
ic_devices_other_expressive	ic_devices_other_filled	homepage_connected_device_foreground	com.android.settings	CURRENT_TARGET_BINARY_XML
ic_help_expressive	ic_help_filled	homepage_support_foreground	com.android.settings	CURRENT_TARGET_BINARY_XML
ic_notifications_expressive	ic_notifications_filled	homepage_notification_foreground	com.android.settings	CURRENT_TARGET_BINARY_XML
ic_settings_about_device_expressive	ic_settings_about_device_filled	homepage_about_foreground	com.android.settings	CURRENT_TARGET_BINARY_XML
ic_settings_accessibility_expressive	ic_settings_accessibility_filled	homepage_accessibility_foreground	com.android.settings	CURRENT_TARGET_BINARY_XML
ic_settings_accounts_and_backup_expressive	ic_settings_accounts_and_backup_filled	homepage_accounts_foreground	com.android.settings	CURRENT_TARGET_BINARY_XML
ic_settings_battery_expressive	ic_settings_battery_filled	homepage_battery_foreground	com.android.settings	CURRENT_TARGET_BINARY_XML
ic_settings_device_expressive	ic_settings_device	homepage_device_foreground	com.android.settings	CURRENT_TARGET_BINARY_XML
ic_settings_display_expressive	ic_settings_display_filled	homepage_display_foreground	com.android.settings	CURRENT_TARGET_BINARY_XML
ic_settings_emergency_expressive	ic_settings_emergency_filled	homepage_safety_foreground	com.android.settings	CURRENT_TARGET_BINARY_XML
ic_settings_location_expressive	ic_settings_location_filled	homepage_location_foreground	com.android.settings	CURRENT_TARGET_BINARY_XML
ic_settings_passwords_expressive	ic_settings_passwords_filled	homepage_accounts_foreground	com.android.settings	CURRENT_TARGET_BINARY_XML
ic_settings_privacy_expressive	ic_settings_privacy_filled	homepage_security_foreground	com.android.settings	CURRENT_TARGET_BINARY_XML
ic_settings_safety_center_expressive	ic_settings_safety_center_filled	homepage_security_foreground	com.android.settings	CURRENT_TARGET_BINARY_XML
ic_settings_security_expressive	ic_settings_security_filled	homepage_security_foreground	com.android.settings	CURRENT_TARGET_BINARY_XML
ic_settings_system_dashboard_expressive	ic_settings_system_dashboard_filled	homepage_system_foreground	com.android.settings	CURRENT_TARGET_BINARY_XML
ic_settings_wallpaper_expressive	ic_settings_wallpaper_filled	homepage_wallpaper_foreground	com.android.settings	CURRENT_TARGET_BINARY_XML
ic_settings_wireless_expressive	ic_settings_wireless_filled	homepage_network_foreground	com.android.settings	CURRENT_TARGET_BINARY_XML
ic_storage_expressive	ic_storage_filled	homepage_storage_foreground	com.android.settings	CURRENT_TARGET_BINARY_XML
ic_volume_up_expressive	ic_volume_up_filled	homepage_sound_foreground	com.android.settings	CURRENT_TARGET_BINARY_XML
ic_zen_priority_modes_expressive	@android:drawable/ic_zen_mode_icon_shopping_cart	homepage_modes_foreground	com.android.settings	CURRENT_TARGET_BINARY_XML
