target_package	total	generic_candidate	oem_specific	state_asset	review	deterministic_material_candidates
com.heytap.browser	2390	1230	7	7	1146	32
com.android.settings	1500	930	113	74	383	100
com.android.systemui	1423	516	121	159	627	62
com.heytap.speechassist	1258	616	3	4	635	23
com.oplus.ocar	1199	733	1	46	419	19
android	946	575	3	81	287	30
com.android.contacts	442	215	0	0	227	6
com.android.launcher	439	196	69	0	174	15
com.oplus.camera	382	120	3	0	259	9
com.coloros.phonemanager	369	188	2	0	179	15
oplus	198	11	158	0	29	0
com.oplus.securitypermission	187	108	8	0	71	13
com.oplus.notificationmanager	176	79	66	0	31	7
com.oplus.linker	159	97	1	0	61	6
com.coloros.alarmclock	153	89	1	0	63	6
com.oplus.wirelesssettings	150	71	5	56	18	12
com.oplus.safecenter	147	96	8	0	43	4
com.android.phone	137	81	7	8	41	10
com.microsoft.appmanager	136	69	1	4	62	9
com.coloros.digitalwellbeing	109	66	7	0	36	6
com.coloros.accessibilityassistant	70	35	0	0	35	9
com.coloros.oshare	62	46	0	0	16	1
com.coloros.sharescreen	50	26	0	0	24	2
com.oplus.battery	49	24	0	0	25	6
com.coloros.childrenspace	40	21	0	0	19	8
com.oplus.pscanvas	40	22	0	0	18	4
com.coloros.floatassistant	37	13	8	0	16	4
com.oplus.systemui.plugins	16	6	0	0	10	0
com.oplus.eyeprotect	15	3	1	0	11	0
