target_package	resource_type	expressive_resource	base_resource	coloros_relation	upstream_source	upstream_path	provenance_status	source_target
android	drawable	autofill_bottomsheet_expressive_background	autofill_bottomsheet_background	EXACT_SIBLING_NAME	AOSP_CORE	res/res/drawable/autofill_bottomsheet_expressive_background.xml	EXACT_ANDROID17_NAME_MATCH	system_framework_framework-res.apk
android	drawable	autofill_expressive_button		UNMATCHED_BASE_NAME	AOSP_CORE	res/res/drawable/autofill_expressive_button.xml	EXACT_ANDROID17_NAME_MATCH	system_framework_framework-res.apk
android	drawable	bottomsheet_expressive_background	bottomsheet_background	EXACT_SIBLING_NAME	AOSP_CORE	res/res/drawable/bottomsheet_expressive_background.xml	EXACT_ANDROID17_NAME_MATCH	system_framework_framework-res.apk
com.android.settings	drawable	ambient_expand_icon_background_expressive	ambient_expand_icon_background	EXACT_SIBLING_NAME	AOSP_SETTINGS	res/drawable/ambient_expand_icon_background_expressive.xml	EXACT_ANDROID17_NAME_MATCH	system_ext_priv-app_Settings_Settings.apk
com.android.settings	drawable	ambient_icon_background_expressive	ambient_icon_background	EXACT_SIBLING_NAME	AOSP_SETTINGS	res/drawable/ambient_icon_background_expressive.xml	EXACT_ANDROID17_NAME_MATCH	system_ext_priv-app_Settings_Settings.apk
com.android.settings	drawable	content_protection_preference_illustration_expressive	content_protection_preference_illustration	EXACT_SIBLING_NAME	AOSP_SETTINGS	res/drawable/content_protection_preference_illustration_expressive.xml	EXACT_ANDROID17_NAME_MATCH	system_ext_priv-app_Settings_Settings.apk
com.android.settings	drawable	expressive_battery_hints_chip_bg	battery_hints_chip_bg	EXACT_SIBLING_NAME	AOSP_SETTINGS	res/drawable-v35/expressive_battery_hints_chip_bg.xml	EXACT_ANDROID17_NAME_MATCH	system_ext_priv-app_Settings_Settings.apk
com.android.settings	drawable	expressive_battery_hints_chip_bg_ripple	battery_hints_chip_bg_ripple	EXACT_SIBLING_NAME	AOSP_SETTINGS	res/drawable-v35/expressive_battery_hints_chip_bg_ripple.xml	EXACT_ANDROID17_NAME_MATCH	system_ext_priv-app_Settings_Settings.apk
com.android.settings	drawable	face_enroll_icon_large_expressive	face_enroll_icon_large	EXACT_SIBLING_NAME	AOSP_SETTINGS	res/drawable/face_enroll_icon_large_expressive.xml	EXACT_ANDROID17_NAME_MATCH	system_ext_priv-app_Settings_Settings.apk
com.android.settings	drawable	ia_settings_communal_expressive	ia_settings_communal	EXACT_SIBLING_NAME	AOSP_SETTINGS	res/drawable/ia_settings_communal_expressive.xml	EXACT_ANDROID17_NAME_MATCH	system_ext_priv-app_Settings_Settings.apk
com.android.settings	drawable	ic_account_child_invert_expressive	ic_account_child_invert	EXACT_SIBLING_NAME	AOSP_SETTINGS	res/drawable/ic_account_child_invert_expressive.xml	EXACT_ANDROID17_NAME_MATCH	system_ext_priv-app_Settings_Settings.apk
com.android.settings	drawable	ic_apps_expressive	ic_apps	EXACT_SIBLING_NAME	AOSP_SETTINGS	res/drawable/ic_apps_expressive.xml	EXACT_ANDROID17_NAME_MATCH	system_ext_priv-app_Settings_Settings.apk
com.android.settings	drawable	ic_devices_other_expressive	ic_devices_other	EXACT_SIBLING_NAME	AOSP_SETTINGS	res/drawable/ic_devices_other_expressive.xml	EXACT_ANDROID17_NAME_MATCH	system_ext_priv-app_Settings_Settings.apk
com.android.settings	drawable	ic_help_expressive	ic_help	EXACT_SIBLING_NAME	AOSP_SETTINGS	res/drawable/ic_help_expressive.xml	EXACT_ANDROID17_NAME_MATCH	system_ext_priv-app_Settings_Settings.apk
com.android.settings	drawable	ic_notifications_expressive	ic_notifications	EXACT_SIBLING_NAME	AOSP_SETTINGS	res/drawable/ic_notifications_expressive.xml	EXACT_ANDROID17_NAME_MATCH	system_ext_priv-app_Settings_Settings.apk
com.android.settings	drawable	ic_settings_about_device_expressive		UNMATCHED_BASE_NAME	AOSP_SETTINGS	res/drawable/ic_settings_about_device_expressive.xml	EXACT_ANDROID17_NAME_MATCH	system_ext_priv-app_Settings_Settings.apk
com.android.settings	drawable	ic_settings_accessibility_expressive		UNMATCHED_BASE_NAME	AOSP_SETTINGS	res/drawable/ic_settings_accessibility_expressive.xml	EXACT_ANDROID17_NAME_MATCH	system_ext_priv-app_Settings_Settings.apk
com.android.settings	drawable	ic_settings_accounts_and_backup_expressive		UNMATCHED_BASE_NAME	AOSP_SETTINGS	res/drawable/ic_settings_accounts_and_backup_expressive.xml	EXACT_ANDROID17_NAME_MATCH	system_ext_priv-app_Settings_Settings.apk
com.android.settings	drawable	ic_settings_battery_expressive		UNMATCHED_BASE_NAME	AOSP_SETTINGS	res/drawable/ic_settings_battery_expressive.xml	EXACT_ANDROID17_NAME_MATCH	system_ext_priv-app_Settings_Settings.apk
com.android.settings	drawable	ic_settings_device_expressive	ic_settings_device	EXACT_SIBLING_NAME	AOSP_SETTINGS	res/drawable/ic_settings_device_expressive.xml	EXACT_ANDROID17_NAME_MATCH	system_ext_priv-app_Settings_Settings.apk
com.android.settings	drawable	ic_settings_display_expressive	ic_settings_display	EXACT_SIBLING_NAME	AOSP_SETTINGS	res/drawable/ic_settings_display_expressive.xml	EXACT_ANDROID17_NAME_MATCH	system_ext_priv-app_Settings_Settings.apk
com.android.settings	drawable	ic_settings_emergency_expressive		UNMATCHED_BASE_NAME	AOSP_SETTINGS	res/drawable/ic_settings_emergency_expressive.xml	EXACT_ANDROID17_NAME_MATCH	system_ext_priv-app_Settings_Settings.apk
com.android.settings	drawable	ic_settings_location_expressive	ic_settings_location	EXACT_SIBLING_NAME	AOSP_SETTINGS	res/drawable/ic_settings_location_expressive.xml	EXACT_ANDROID17_NAME_MATCH	system_ext_priv-app_Settings_Settings.apk
com.android.settings	drawable	ic_settings_passwords_expressive		UNMATCHED_BASE_NAME	AOSP_SETTINGS	res/drawable/ic_settings_passwords_expressive.xml	EXACT_ANDROID17_NAME_MATCH	system_ext_priv-app_Settings_Settings.apk
com.android.settings	drawable	ic_settings_privacy_expressive	ic_settings_privacy	EXACT_SIBLING_NAME	AOSP_SETTINGS	res/drawable/ic_settings_privacy_expressive.xml	EXACT_ANDROID17_NAME_MATCH	system_ext_priv-app_Settings_Settings.apk
com.android.settings	drawable	ic_settings_safety_center_expressive	ic_settings_safety_center	EXACT_SIBLING_NAME	AOSP_SETTINGS	res/drawable/ic_settings_safety_center_expressive.xml	EXACT_ANDROID17_NAME_MATCH	system_ext_priv-app_Settings_Settings.apk
com.android.settings	drawable	ic_settings_security_expressive	ic_settings_security	EXACT_SIBLING_NAME	AOSP_SETTINGS	res/drawable/ic_settings_security_expressive.xml	EXACT_ANDROID17_NAME_MATCH	system_ext_priv-app_Settings_Settings.apk
com.android.settings	drawable	ic_settings_system_dashboard_expressive		UNMATCHED_BASE_NAME	AOSP_SETTINGS	res/drawable/ic_settings_system_dashboard_expressive.xml	EXACT_ANDROID17_NAME_MATCH	system_ext_priv-app_Settings_Settings.apk
com.android.settings	drawable	ic_settings_wallpaper_expressive		UNMATCHED_BASE_NAME	AOSP_SETTINGS	res/drawable/ic_settings_wallpaper_expressive.xml	EXACT_ANDROID17_NAME_MATCH	system_ext_priv-app_Settings_Settings.apk
com.android.settings	drawable	ic_settings_wireless_expressive	ic_settings_wireless	EXACT_SIBLING_NAME	AOSP_SETTINGS	res/drawable/ic_settings_wireless_expressive.xml	EXACT_ANDROID17_NAME_MATCH	system_ext_priv-app_Settings_Settings.apk
com.android.settings	drawable	ic_storage_expressive	ic_storage	EXACT_SIBLING_NAME	AOSP_SETTINGS	res/drawable/ic_storage_expressive.xml	EXACT_ANDROID17_NAME_MATCH	system_ext_priv-app_Settings_Settings.apk
com.android.settings	drawable	ic_suggested_notifications_expressive	ic_suggested_notifications	EXACT_SIBLING_NAME	AOSP_SETTINGS	res/drawable/ic_suggested_notifications_expressive.xml	EXACT_ANDROID17_NAME_MATCH	system_ext_priv-app_Settings_Settings.apk
com.android.settings	drawable	ic_volume_up_expressive		UNMATCHED_BASE_NAME	AOSP_SETTINGS	res/drawable/ic_volume_up_expressive.xml	EXACT_ANDROID17_NAME_MATCH	system_ext_priv-app_Settings_Settings.apk
com.android.settings	drawable	ic_zen_priority_modes_expressive		UNMATCHED_BASE_NAME	AOSP_SETTINGS	res/drawable/ic_zen_priority_modes_expressive.xml	EXACT_ANDROID17_NAME_MATCH	system_ext_priv-app_Settings_Settings.apk
com.android.settings	drawable	modes_interstitial_bedtime_expressive	modes_interstitial_bedtime	EXACT_SIBLING_NAME	AOSP_SETTINGS	res/drawable/modes_interstitial_bedtime_expressive.xml	EXACT_ANDROID17_NAME_MATCH	system_ext_priv-app_Settings_Settings.apk
com.android.settings	drawable	modes_interstitial_driving_expressive	modes_interstitial_driving	EXACT_SIBLING_NAME	AOSP_SETTINGS	res/drawable/modes_interstitial_driving_expressive.xml	EXACT_ANDROID17_NAME_MATCH	system_ext_priv-app_Settings_Settings.apk
com.android.settings	drawable	modes_interstitial_other_expressive	modes_interstitial_other	EXACT_SIBLING_NAME	AOSP_SETTINGS	res/drawable/modes_interstitial_other_expressive.xml	EXACT_ANDROID17_NAME_MATCH	system_ext_priv-app_Settings_Settings.apk
com.android.settings	drawable	modes_interstitial_theater_expressive	modes_interstitial_theater	EXACT_SIBLING_NAME	AOSP_SETTINGS	res/drawable/modes_interstitial_theater_expressive.xml	EXACT_ANDROID17_NAME_MATCH	system_ext_priv-app_Settings_Settings.apk
com.android.settings	drawable	modes_interstitial_transit_expressive		UNMATCHED_BASE_NAME	AOSP_SETTINGS	res/drawable/modes_interstitial_transit_expressive.xml	EXACT_ANDROID17_NAME_MATCH	system_ext_priv-app_Settings_Settings.apk
com.android.settings	drawable	modes_interstitial_unknown_expressive	modes_interstitial_unknown	EXACT_SIBLING_NAME	AOSP_SETTINGS	res/drawable/modes_interstitial_unknown_expressive.xml	EXACT_ANDROID17_NAME_MATCH	system_ext_priv-app_Settings_Settings.apk
com.android.settings	drawable	safety_center_expressive_shield_glyph_icon_status_level_high		UNMATCHED_BASE_NAME	AOSP_SETTINGS	res/drawable/safety_center_expressive_shield_glyph_icon_status_level_high.xml	EXACT_ANDROID17_NAME_MATCH	system_ext_priv-app_Settings_Settings.apk
com.android.settings	drawable	safety_center_expressive_shield_glyph_icon_status_level_low		UNMATCHED_BASE_NAME	AOSP_SETTINGS	res/drawable/safety_center_expressive_shield_glyph_icon_status_level_low.xml	EXACT_ANDROID17_NAME_MATCH	system_ext_priv-app_Settings_Settings.apk
com.android.settings	drawable	safety_center_expressive_shield_glyph_icon_status_level_medium		UNMATCHED_BASE_NAME	AOSP_SETTINGS	res/drawable/safety_center_expressive_shield_glyph_icon_status_level_medium.xml	EXACT_ANDROID17_NAME_MATCH	system_ext_priv-app_Settings_Settings.apk
com.android.settings	drawable	safety_center_expressive_shield_status_level_high_anim		UNMATCHED_BASE_NAME	AOSP_SETTINGS	res/drawable/safety_center_expressive_shield_status_level_high_anim.xml	EXACT_ANDROID17_NAME_MATCH	system_ext_priv-app_Settings_Settings.apk
com.android.settings	drawable	safety_center_expressive_shield_status_level_low_anim		UNMATCHED_BASE_NAME	AOSP_SETTINGS	res/drawable/safety_center_expressive_shield_status_level_low_anim.xml	EXACT_ANDROID17_NAME_MATCH	system_ext_priv-app_Settings_Settings.apk
com.android.settings	drawable	safety_center_expressive_shield_status_level_medium_anim		UNMATCHED_BASE_NAME	AOSP_SETTINGS	res/drawable/safety_center_expressive_shield_status_level_medium_anim.xml	EXACT_ANDROID17_NAME_MATCH	system_ext_priv-app_Settings_Settings.apk
com.android.settings	drawable	settings_expressive_spinner_dropdown_background		UNMATCHED_BASE_NAME	AOSP_SETTINGSLIB	SettingsSpinner/res/drawable-v36/settings_expressive_spinner_dropdown_background.xml	EXACT_ANDROID17_NAME_MATCH	system_ext_priv-app_Settings_Settings.apk
com.android.settings	drawable	settings_expressive_spinner_dropdown_item_selected		UNMATCHED_BASE_NAME	AOSP_SETTINGSLIB	SettingsSpinner/res/drawable-v36/settings_expressive_spinner_dropdown_item_selected.xml	EXACT_ANDROID17_NAME_MATCH	system_ext_priv-app_Settings_Settings.apk
com.android.settings	drawable	settingslib_expressive_background_generic		UNMATCHED_BASE_NAME	AOSP_SETTINGSLIB	StatusBannerPreference/res/drawable/settingslib_expressive_background_generic.xml	EXACT_ANDROID17_NAME_MATCH	system_ext_priv-app_Settings_Settings.apk
com.android.settings	drawable	settingslib_expressive_background_level_high		UNMATCHED_BASE_NAME	AOSP_SETTINGSLIB	StatusBannerPreference/res/drawable-night/settingslib_expressive_background_level_high.xml	EXACT_ANDROID17_NAME_MATCH	system_ext_priv-app_Settings_Settings.apk
com.android.settings	drawable	settingslib_expressive_background_level_low		UNMATCHED_BASE_NAME	AOSP_SETTINGSLIB	StatusBannerPreference/res/drawable-night/settingslib_expressive_background_level_low.xml	EXACT_ANDROID17_NAME_MATCH	system_ext_priv-app_Settings_Settings.apk
com.android.settings	drawable	settingslib_expressive_background_level_medium		UNMATCHED_BASE_NAME	AOSP_SETTINGSLIB	StatusBannerPreference/res/drawable-night/settingslib_expressive_background_level_medium.xml	EXACT_ANDROID17_NAME_MATCH	system_ext_priv-app_Settings_Settings.apk
com.android.settings	drawable	settingslib_expressive_button_background_filled		UNMATCHED_BASE_NAME	AOSP_SETTINGSLIB	SettingsTheme/res/drawable/settingslib_expressive_button_background_filled.xml	EXACT_ANDROID17_NAME_MATCH	system_ext_priv-app_Settings_Settings.apk
com.android.settings	drawable	settingslib_expressive_button_background_outline		UNMATCHED_BASE_NAME	AOSP_SETTINGSLIB	SettingsTheme/res/drawable/settingslib_expressive_button_background_outline.xml	EXACT_ANDROID17_NAME_MATCH	system_ext_priv-app_Settings_Settings.apk
com.android.settings	drawable	settingslib_expressive_card_background	settingslib_card_background	EXACT_SIBLING_NAME	AOSP_SETTINGSLIB	BannerMessagePreference/res/drawable-v36/settingslib_expressive_card_background.xml	EXACT_ANDROID17_NAME_MATCH	system_ext_priv-app_Settings_Settings.apk
com.android.settings	drawable	settingslib_expressive_floating_toolbar_item_background		UNMATCHED_BASE_NAME	AOSP_SETTINGSLIB	CollapsingToolbarBaseActivity/res/drawable-v36/settingslib_expressive_floating_toolbar_item_background.xml	EXACT_ANDROID17_NAME_MATCH	system_ext_priv-app_Settings_Settings.apk
com.android.settings	drawable	settingslib_expressive_header_icon_background		UNMATCHED_BASE_NAME	AOSP_SETTINGSLIB	IntroPreference/res/drawable/settingslib_expressive_header_icon_background.xml	EXACT_ANDROID17_NAME_MATCH	system_ext_priv-app_Settings_Settings.apk
com.android.settings	drawable	settingslib_expressive_icon_back		UNMATCHED_BASE_NAME	AOSP_SETTINGSLIB	CollapsingToolbarBaseActivity/res/drawable-v36/settingslib_expressive_icon_back.xml	EXACT_ANDROID17_NAME_MATCH	system_ext_priv-app_Settings_Settings.apk
com.android.settings	drawable	settingslib_expressive_icon_bullet_start		UNMATCHED_BASE_NAME	AOSP_SETTINGSLIB	SettingsTheme/res/drawable/settingslib_expressive_icon_bullet_start.xml	EXACT_ANDROID17_NAME_MATCH	system_ext_priv-app_Settings_Settings.apk
com.android.settings	drawable	settingslib_expressive_icon_check		UNMATCHED_BASE_NAME	AOSP_SETTINGSLIB	SettingsTheme/res/drawable/settingslib_expressive_icon_check.xml	EXACT_ANDROID17_NAME_MATCH	system_ext_priv-app_Settings_Settings.apk
com.android.settings	drawable	settingslib_expressive_icon_chevron		UNMATCHED_BASE_NAME	AOSP_SETTINGSLIB	SettingsTheme/res/drawable/settingslib_expressive_icon_chevron.xml	EXACT_ANDROID17_NAME_MATCH	system_ext_priv-app_Settings_Settings.apk
com.android.settings	drawable	settingslib_expressive_icon_close		UNMATCHED_BASE_NAME	AOSP_SETTINGSLIB	SettingsTheme/res/drawable/settingslib_expressive_icon_close.xml	EXACT_ANDROID17_NAME_MATCH	system_ext_priv-app_Settings_Settings.apk
com.android.settings	drawable	settingslib_expressive_icon_collapse		UNMATCHED_BASE_NAME	AOSP_SETTINGSLIB	SettingsTheme/res/drawable/settingslib_expressive_icon_collapse.xml	EXACT_ANDROID17_NAME_MATCH	system_ext_priv-app_Settings_Settings.apk
com.android.settings	drawable	settingslib_expressive_icon_cross		UNMATCHED_BASE_NAME	AOSP_SETTINGSLIB	SettingsTheme/res/drawable/settingslib_expressive_icon_cross.xml	EXACT_ANDROID17_NAME_MATCH	system_ext_priv-app_Settings_Settings.apk
com.android.settings	drawable	settingslib_expressive_icon_expand		UNMATCHED_BASE_NAME	AOSP_SETTINGSLIB	SettingsTheme/res/drawable/settingslib_expressive_icon_expand.xml	EXACT_ANDROID17_NAME_MATCH	system_ext_priv-app_Settings_Settings.apk
com.android.settings	drawable	settingslib_expressive_icon_level_high		UNMATCHED_BASE_NAME	AOSP_SETTINGSLIB	SettingsTheme/res/drawable/settingslib_expressive_icon_level_high.xml	EXACT_ANDROID17_NAME_MATCH	system_ext_priv-app_Settings_Settings.apk
com.android.settings	drawable	settingslib_expressive_icon_level_low		UNMATCHED_BASE_NAME	AOSP_SETTINGSLIB	SettingsTheme/res/drawable/settingslib_expressive_icon_level_low.xml	EXACT_ANDROID17_NAME_MATCH	system_ext_priv-app_Settings_Settings.apk
com.android.settings	drawable	settingslib_expressive_icon_level_medium		UNMATCHED_BASE_NAME	AOSP_SETTINGSLIB	SettingsTheme/res/drawable/settingslib_expressive_icon_level_medium.xml	EXACT_ANDROID17_NAME_MATCH	system_ext_priv-app_Settings_Settings.apk
com.android.settings	drawable	settingslib_expressive_icon_level_normal		UNMATCHED_BASE_NAME	AOSP_SETTINGSLIB	SettingsTheme/res/drawable/settingslib_expressive_icon_level_normal.xml	EXACT_ANDROID17_NAME_MATCH	system_ext_priv-app_Settings_Settings.apk
com.android.settings	drawable	settingslib_expressive_icon_more_vert		UNMATCHED_BASE_NAME	AOSP_SETTINGSLIB	MenuPreference/res/drawable/settingslib_expressive_icon_more_vert.xml	EXACT_ANDROID17_NAME_MATCH	system_ext_priv-app_Settings_Settings.apk
com.android.settings	drawable	settingslib_expressive_icon_status_level_high		UNMATCHED_BASE_NAME	AOSP_SETTINGSLIB	StatusBannerPreference/res/drawable/settingslib_expressive_icon_status_level_high.xml	EXACT_ANDROID17_NAME_MATCH	system_ext_priv-app_Settings_Settings.apk
com.android.settings	drawable	settingslib_expressive_icon_status_level_low		UNMATCHED_BASE_NAME	AOSP_SETTINGSLIB	StatusBannerPreference/res/drawable/settingslib_expressive_icon_status_level_low.xml	EXACT_ANDROID17_NAME_MATCH	system_ext_priv-app_Settings_Settings.apk
com.android.settings	drawable	settingslib_expressive_icon_status_level_medium		UNMATCHED_BASE_NAME	AOSP_SETTINGSLIB	StatusBannerPreference/res/drawable/settingslib_expressive_icon_status_level_medium.xml	EXACT_ANDROID17_NAME_MATCH	system_ext_priv-app_Settings_Settings.apk
com.android.settings	drawable	settingslib_expressive_icon_status_level_off		UNMATCHED_BASE_NAME	AOSP_SETTINGSLIB	StatusBannerPreference/res/drawable/settingslib_expressive_icon_status_level_off.xml	EXACT_ANDROID17_NAME_MATCH	system_ext_priv-app_Settings_Settings.apk
com.android.settings	drawable	settingslib_expressive_icon_up		UNMATCHED_BASE_NAME	AOSP_SETTINGSLIB	SettingsTheme/res/drawable/settingslib_expressive_icon_up.xml	EXACT_ANDROID17_NAME_MATCH	system_ext_priv-app_Settings_Settings.apk
com.android.settings	drawable	settingslib_expressive_searchbox_search_icon_24dp		UNMATCHED_BASE_NAME	AOSP_SETTINGSLIB	SearchBoxPreference/res/drawable/settingslib_expressive_searchbox_search_icon_24dp.xml	EXACT_ANDROID17_NAME_MATCH	system_ext_priv-app_Settings_Settings.apk
com.android.settings	drawable	settingslib_expressive_spinner_background	settingslib_spinner_background	EXACT_SIBLING_NAME	AOSP_SETTINGSLIB	SettingsTheme/res/drawable-v36/settingslib_expressive_spinner_background.xml	EXACT_ANDROID17_NAME_MATCH	system_ext_priv-app_Settings_Settings.apk
com.android.settings	drawable	settingslib_expressive_spinner_background_outlined		UNMATCHED_BASE_NAME	AOSP_SETTINGSLIB	SettingsTheme/res/drawable-v36/settingslib_expressive_spinner_background_outlined.xml	EXACT_ANDROID17_NAME_MATCH	system_ext_priv-app_Settings_Settings.apk
com.android.settings	drawable	settingslib_expressive_spinner_dropdown_background	settingslib_spinner_dropdown_background	EXACT_SIBLING_NAME	AOSP_SETTINGSLIB	SettingsTheme/res/drawable-v36/settingslib_expressive_spinner_dropdown_background.xml	EXACT_ANDROID17_NAME_MATCH	system_ext_priv-app_Settings_Settings.apk
com.android.settings	drawable	settingslib_expressive_switch_bar_bg	settingslib_switch_bar_bg	EXACT_SIBLING_NAME	AOSP_SETTINGSLIB	MainSwitchPreference/res/drawable-v36/settingslib_expressive_switch_bar_bg.xml	EXACT_ANDROID17_NAME_MATCH	system_ext_priv-app_Settings_Settings.apk
com.android.settings	drawable	settingslib_expressive_switch_thumb_icon		UNMATCHED_BASE_NAME	AOSP_SETTINGSLIB	SettingsTheme/res/drawable/settingslib_expressive_switch_thumb_icon.xml	EXACT_ANDROID17_NAME_MATCH	system_ext_priv-app_Settings_Settings.apk
com.android.settings	drawable	settingslib_expressive_zerostate_background		UNMATCHED_BASE_NAME	AOSP_SETTINGSLIB	ZeroStatePreference/res/drawable/settingslib_expressive_zerostate_background.xml	EXACT_ANDROID17_NAME_MATCH	system_ext_priv-app_Settings_Settings.apk
com.android.settings	drawable	sud_ic_switch_check_mark_expressive		UNMATCHED_BASE_NAME	AOSP_SETUPDESIGN	main/res/drawable/sud_ic_switch_check_mark_expressive.xml	EXACT_ANDROID17_SETUPDESIGN_RESOURCE	system_ext_priv-app_Settings_Settings.apk
com.android.settings	drawable	sud_ic_switch_selector_expressive		UNMATCHED_BASE_NAME	AOSP_SETUPDESIGN	main/res/drawable/sud_ic_switch_selector_expressive.xml	EXACT_ANDROID17_SETUPDESIGN_RESOURCE	system_ext_priv-app_Settings_Settings.apk
com.android.settings	drawable	sud_ic_switch_uncheck_mark_expressive		UNMATCHED_BASE_NAME	AOSP_SETUPDESIGN	main/res/drawable/sud_ic_switch_uncheck_mark_expressive.xml	EXACT_ANDROID17_SETUPDESIGN_RESOURCE	system_ext_priv-app_Settings_Settings.apk
com.android.systemui	drawable	ic_apps_expressive		UNMATCHED_BASE_NAME	AOSP_SETTINGS	res/drawable/ic_apps_expressive.xml	EXACT_ANDROID17_NAME_MATCH	system_ext_priv-app_SystemUI_SystemUI.apk
com.android.systemui	drawable	ic_check_expressive	ic_check	EXACT_SIBLING_NAME	AOSP_SYSTEMUI	res/drawable/ic_check_expressive.xml	EXACT_ANDROID17_NAME_MATCH	system_ext_priv-app_SystemUI_SystemUI.apk
com.android.systemui	drawable	ic_chevron_forward_expressive		UNMATCHED_BASE_NAME	AOSP_SYSTEMUI	res/drawable/ic_chevron_forward_expressive.xml	EXACT_ANDROID17_NAME_MATCH	system_ext_priv-app_SystemUI_SystemUI.apk
com.android.systemui	drawable	ic_mic_expressive		UNMATCHED_BASE_NAME	AOSP_SYSTEMUI	res/drawable/ic_mic_expressive.xml	EXACT_ANDROID17_NAME_MATCH	system_ext_priv-app_SystemUI_SystemUI.apk
com.android.systemui	drawable	ic_phone_expressive		UNMATCHED_BASE_NAME	AOSP_SYSTEMUI	res/drawable/ic_phone_expressive.xml	EXACT_ANDROID17_NAME_MATCH	system_ext_priv-app_SystemUI_SystemUI.apk
com.android.systemui	drawable	ic_selfie_expressive		UNMATCHED_BASE_NAME	AOSP_SYSTEMUI	res/drawable/ic_selfie_expressive.xml	EXACT_ANDROID17_NAME_MATCH	system_ext_priv-app_SystemUI_SystemUI.apk
com.android.systemui	drawable	ic_touch_expressive	ic_touch	EXACT_SIBLING_NAME	AOSP_SYSTEMUI	res/drawable/ic_touch_expressive.xml	EXACT_ANDROID17_NAME_MATCH	system_ext_priv-app_SystemUI_SystemUI.apk
com.android.systemui	drawable	settings_expressive_spinner_dropdown_background		UNMATCHED_BASE_NAME	AOSP_SETTINGSLIB	SettingsSpinner/res/drawable-v36/settings_expressive_spinner_dropdown_background.xml	EXACT_ANDROID17_NAME_MATCH	system_ext_priv-app_SystemUI_SystemUI.apk
com.android.systemui	drawable	settings_expressive_spinner_dropdown_item_selected		UNMATCHED_BASE_NAME	AOSP_SETTINGSLIB	SettingsSpinner/res/drawable-v36/settings_expressive_spinner_dropdown_item_selected.xml	EXACT_ANDROID17_NAME_MATCH	system_ext_priv-app_SystemUI_SystemUI.apk
com.android.systemui	drawable	settingslib_expressive_card_background	settingslib_card_background	EXACT_SIBLING_NAME	AOSP_SETTINGSLIB	BannerMessagePreference/res/drawable-v36/settingslib_expressive_card_background.xml	EXACT_ANDROID17_NAME_MATCH	system_ext_priv-app_SystemUI_SystemUI.apk
com.android.systemui	drawable	settingslib_expressive_icon_check		UNMATCHED_BASE_NAME	AOSP_SETTINGSLIB	SettingsTheme/res/drawable/settingslib_expressive_icon_check.xml	EXACT_ANDROID17_NAME_MATCH	system_ext_priv-app_SystemUI_SystemUI.apk
com.android.systemui	drawable	settingslib_expressive_icon_chevron		UNMATCHED_BASE_NAME	AOSP_SETTINGSLIB	SettingsTheme/res/drawable/settingslib_expressive_icon_chevron.xml	EXACT_ANDROID17_NAME_MATCH	system_ext_priv-app_SystemUI_SystemUI.apk
com.android.systemui	drawable	settingslib_expressive_icon_close		UNMATCHED_BASE_NAME	AOSP_SETTINGSLIB	SettingsTheme/res/drawable/settingslib_expressive_icon_close.xml	EXACT_ANDROID17_NAME_MATCH	system_ext_priv-app_SystemUI_SystemUI.apk
com.android.systemui	drawable	settingslib_expressive_icon_collapse		UNMATCHED_BASE_NAME	AOSP_SETTINGSLIB	SettingsTheme/res/drawable/settingslib_expressive_icon_collapse.xml	EXACT_ANDROID17_NAME_MATCH	system_ext_priv-app_SystemUI_SystemUI.apk
com.android.systemui	drawable	settingslib_expressive_icon_cross		UNMATCHED_BASE_NAME	AOSP_SETTINGSLIB	SettingsTheme/res/drawable/settingslib_expressive_icon_cross.xml	EXACT_ANDROID17_NAME_MATCH	system_ext_priv-app_SystemUI_SystemUI.apk
com.android.systemui	drawable	settingslib_expressive_icon_expand		UNMATCHED_BASE_NAME	AOSP_SETTINGSLIB	SettingsTheme/res/drawable/settingslib_expressive_icon_expand.xml	EXACT_ANDROID17_NAME_MATCH	system_ext_priv-app_SystemUI_SystemUI.apk
com.android.systemui	drawable	settingslib_expressive_spinner_background		UNMATCHED_BASE_NAME	AOSP_SETTINGSLIB	SettingsTheme/res/drawable-v36/settingslib_expressive_spinner_background.xml	EXACT_ANDROID17_NAME_MATCH	system_ext_priv-app_SystemUI_SystemUI.apk
com.android.systemui	drawable	settingslib_expressive_spinner_background_outlined		UNMATCHED_BASE_NAME	AOSP_SETTINGSLIB	SettingsTheme/res/drawable-v36/settingslib_expressive_spinner_background_outlined.xml	EXACT_ANDROID17_NAME_MATCH	system_ext_priv-app_SystemUI_SystemUI.apk
com.android.systemui	drawable	settingslib_expressive_spinner_dropdown_background		UNMATCHED_BASE_NAME	AOSP_SETTINGSLIB	SettingsTheme/res/drawable-v36/settingslib_expressive_spinner_dropdown_background.xml	EXACT_ANDROID17_NAME_MATCH	system_ext_priv-app_SystemUI_SystemUI.apk
com.android.systemui	drawable	settingslib_expressive_switch_bar_bg	settingslib_switch_bar_bg	EXACT_SIBLING_NAME	AOSP_SETTINGSLIB	MainSwitchPreference/res/drawable-v36/settingslib_expressive_switch_bar_bg.xml	EXACT_ANDROID17_NAME_MATCH	system_ext_priv-app_SystemUI_SystemUI.apk
com.android.systemui	drawable	settingslib_expressive_switch_thumb_icon		UNMATCHED_BASE_NAME	AOSP_SETTINGSLIB	SettingsTheme/res/drawable/settingslib_expressive_switch_thumb_icon.xml	EXACT_ANDROID17_NAME_MATCH	system_ext_priv-app_SystemUI_SystemUI.apk
com.android.systemui	drawable	sud_ic_switch_check_mark_expressive		UNMATCHED_BASE_NAME	AOSP_SETUPDESIGN	main/res/drawable/sud_ic_switch_check_mark_expressive.xml	EXACT_ANDROID17_SETUPDESIGN_RESOURCE	system_ext_priv-app_SystemUI_SystemUI.apk
com.android.systemui	drawable	sud_ic_switch_selector_expressive		UNMATCHED_BASE_NAME	AOSP_SETUPDESIGN	main/res/drawable/sud_ic_switch_selector_expressive.xml	EXACT_ANDROID17_SETUPDESIGN_RESOURCE	system_ext_priv-app_SystemUI_SystemUI.apk
com.android.systemui	drawable	sud_ic_switch_uncheck_mark_expressive		UNMATCHED_BASE_NAME	AOSP_SETUPDESIGN	main/res/drawable/sud_ic_switch_uncheck_mark_expressive.xml	EXACT_ANDROID17_SETUPDESIGN_RESOURCE	system_ext_priv-app_SystemUI_SystemUI.apk
