# target_package	semantic_role	current_or_base_resource	native_expressive_resource	upstream_reference	decision	verification
com.android.settings	apps	ic_apps	ic_apps_expressive	AOSP Settings android17-release	PREFER_NATIVE_EXPRESSIVE	HOMEPAGE_WRAPPER_FOREGROUND_VERIFIED;NATIVE_CATEGORY_PALETTE_VERIFIED
com.android.settings	help	ic_help	ic_help_expressive	AOSP Settings android17-release	PREFER_NATIVE_EXPRESSIVE	HOMEPAGE_WRAPPER_FOREGROUND_VERIFIED;NATIVE_CATEGORY_PALETTE_VERIFIED
com.android.settings	notifications	ic_notifications	ic_notifications_expressive	AOSP Settings android17-release	PREFER_NATIVE_EXPRESSIVE	HOMEPAGE_WRAPPER_FOREGROUND_VERIFIED;NATIVE_CATEGORY_PALETTE_VERIFIED
com.android.settings	storage	ic_storage	ic_storage_expressive	AOSP Settings android17-release	PREFER_NATIVE_EXPRESSIVE	HOMEPAGE_WRAPPER_FOREGROUND_VERIFIED;NATIVE_CATEGORY_PALETTE_VERIFIED
com.android.settings	about_device	ic_settings_about_device	ic_settings_about_device_expressive	AOSP Settings android17-release	PREFER_NATIVE_EXPRESSIVE	HOMEPAGE_WRAPPER_FOREGROUND_VERIFIED;NATIVE_CATEGORY_PALETTE_VERIFIED
com.android.settings	accessibility	ic_settings_accessibility	ic_settings_accessibility_expressive	AOSP Settings android17-release	PREFER_NATIVE_EXPRESSIVE	HOMEPAGE_WRAPPER_FOREGROUND_VERIFIED;NATIVE_CATEGORY_PALETTE_VERIFIED
com.android.settings	battery	ic_settings_battery_filled	ic_settings_battery_expressive	AOSP Settings android17-release	PREFER_NATIVE_EXPRESSIVE	HOMEPAGE_WRAPPER_FOREGROUND_VERIFIED;NATIVE_CATEGORY_PALETTE_VERIFIED
com.android.settings	display	ic_settings_display	ic_settings_display_expressive	AOSP Settings android17-release	PREFER_NATIVE_EXPRESSIVE	HOMEPAGE_WRAPPER_FOREGROUND_VERIFIED;NATIVE_CATEGORY_PALETTE_VERIFIED
com.android.settings	emergency	ic_settings_emergency	ic_settings_emergency_expressive	AOSP Settings android17-release	PREFER_NATIVE_EXPRESSIVE	HOMEPAGE_WRAPPER_FOREGROUND_VERIFIED;NATIVE_CATEGORY_PALETTE_VERIFIED
com.android.settings	location	ic_settings_location	ic_settings_location_expressive	AOSP Settings android17-release	PREFER_NATIVE_EXPRESSIVE	HOMEPAGE_WRAPPER_FOREGROUND_VERIFIED;NATIVE_CATEGORY_PALETTE_VERIFIED
com.android.settings	privacy	ic_settings_privacy	ic_settings_privacy_expressive	AOSP Settings android17-release	PREFER_NATIVE_EXPRESSIVE	HOMEPAGE_WRAPPER_FOREGROUND_VERIFIED;NATIVE_CATEGORY_PALETTE_VERIFIED
com.android.settings	safety_center	ic_settings_safety_center	ic_settings_safety_center_expressive	AOSP Settings android17-release	PREFER_NATIVE_EXPRESSIVE	HOMEPAGE_WRAPPER_FOREGROUND_VERIFIED;NATIVE_CATEGORY_PALETTE_VERIFIED
com.android.settings	security	ic_settings_security	ic_settings_security_expressive	AOSP Settings android17-release	PREFER_NATIVE_EXPRESSIVE	HOMEPAGE_WRAPPER_FOREGROUND_VERIFIED;NATIVE_CATEGORY_PALETTE_VERIFIED
com.android.settings	system_dashboard	ic_settings_system_dashboard_filled	ic_settings_system_dashboard_expressive	AOSP Settings android17-release	PREFER_NATIVE_EXPRESSIVE	HOMEPAGE_WRAPPER_FOREGROUND_VERIFIED;NATIVE_CATEGORY_PALETTE_VERIFIED
com.android.settings	wallpaper	ic_settings_wallpaper_filled	ic_settings_wallpaper_expressive	AOSP Settings android17-release	PREFER_NATIVE_EXPRESSIVE	HOMEPAGE_WRAPPER_FOREGROUND_VERIFIED;NATIVE_CATEGORY_PALETTE_VERIFIED
com.android.settings	wireless	ic_settings_wireless	ic_settings_wireless_expressive	AOSP Settings android17-release	PREFER_NATIVE_EXPRESSIVE	HOMEPAGE_WRAPPER_FOREGROUND_VERIFIED;NATIVE_CATEGORY_PALETTE_VERIFIED
com.android.settings	volume	ic_volume_up_filled	ic_volume_up_expressive	AOSP Settings android17-release	PREFER_NATIVE_EXPRESSIVE	HOMEPAGE_WRAPPER_FOREGROUND_VERIFIED;NATIVE_CATEGORY_PALETTE_VERIFIED
com.android.systemui	apps	ic_apps	ic_apps_expressive	ColorOS17 current SystemUI	PREFER_NATIVE_EXPRESSIVE	PENDING_NATIVE_GATE_AND_CONSUMER_TRACE
com.android.systemui	microphone	ic_mic_26dp	ic_mic_expressive	ColorOS17 current SystemUI	PREFER_NATIVE_EXPRESSIVE	PENDING_NATIVE_GATE_AND_CONSUMER_TRACE
com.android.systemui	phone	ic_call	ic_phone_expressive	ColorOS17 current SystemUI	PREFER_NATIVE_EXPRESSIVE	PENDING_NATIVE_GATE_AND_CONSUMER_TRACE
com.android.settings	accounts	ic_settings_passwords_filled	ic_settings_passwords_expressive	ColorOS17 current Settings	PREFER_NATIVE_EXPRESSIVE	HOMEPAGE_WRAPPER_FOREGROUND_VERIFIED;NATIVE_CATEGORY_PALETTE_VERIFIED
com.android.settings	accounts_and_backup	ic_settings_accounts_and_backup_filled	ic_settings_accounts_and_backup_expressive	ColorOS17 current Settings	PREFER_NATIVE_EXPRESSIVE	HOMEPAGE_WRAPPER_FOREGROUND_VERIFIED;NATIVE_CATEGORY_PALETTE_VERIFIED
com.android.settings	connected_device	ic_devices_other_filled	ic_devices_other_expressive	ColorOS17 current Settings	PREFER_NATIVE_EXPRESSIVE	HOMEPAGE_WRAPPER_FOREGROUND_VERIFIED;NATIVE_CATEGORY_PALETTE_VERIFIED
com.android.settings	device	ic_settings_device	ic_settings_device_expressive	ColorOS17 current Settings	PREFER_NATIVE_EXPRESSIVE	HOMEPAGE_WRAPPER_FOREGROUND_VERIFIED;NATIVE_CATEGORY_PALETTE_VERIFIED
com.android.settings	hub_mode	ia_settings_communal	ia_settings_communal_expressive	ColorOS17 current Settings	PREFER_NATIVE_EXPRESSIVE	HOMEPAGE_WRAPPER_FOREGROUND_VERIFIED;NATIVE_CATEGORY_PALETTE_VERIFIED
com.android.settings	modes	ic_zen_priority_modes	ic_zen_priority_modes_expressive	ColorOS17 current Settings	PREFER_NATIVE_EXPRESSIVE	HOMEPAGE_WRAPPER_FOREGROUND_VERIFIED;NATIVE_CATEGORY_PALETTE_VERIFIED
com.android.settings	supervision	ic_account_child_invert	ic_account_child_invert_expressive	ColorOS17 current Settings	PREFER_NATIVE_EXPRESSIVE	HOMEPAGE_WRAPPER_FOREGROUND_VERIFIED;NATIVE_CATEGORY_PALETTE_VERIFIED
