target_package	resource_type	expressive_resource	classification	source_target
com.android.settings	drawable	ic_settings_about_device_expressive	ICON	system_ext_priv-app_Settings_Settings.apk
com.android.settings	drawable	ic_settings_accessibility_expressive	ICON	system_ext_priv-app_Settings_Settings.apk
com.android.settings	drawable	ic_settings_accounts_and_backup_expressive	ICON	system_ext_priv-app_Settings_Settings.apk
com.android.settings	drawable	ic_settings_battery_expressive	ICON	system_ext_priv-app_Settings_Settings.apk
com.android.settings	drawable	ic_settings_emergency_expressive	ICON	system_ext_priv-app_Settings_Settings.apk
com.android.settings	drawable	ic_settings_passwords_expressive	ICON	system_ext_priv-app_Settings_Settings.apk
com.android.settings	drawable	ic_settings_system_dashboard_expressive	ICON	system_ext_priv-app_Settings_Settings.apk
com.android.settings	drawable	ic_settings_wallpaper_expressive	ICON	system_ext_priv-app_Settings_Settings.apk
com.android.settings	drawable	ic_volume_up_expressive	ICON	system_ext_priv-app_Settings_Settings.apk
com.android.settings	drawable	ic_zen_priority_modes_expressive	ICON	system_ext_priv-app_Settings_Settings.apk
com.android.settings	drawable	modes_interstitial_transit_expressive	OTHER	system_ext_priv-app_Settings_Settings.apk
com.android.settings	drawable	safety_center_expressive_shield_glyph_icon_status_level_high	ICON	system_ext_priv-app_Settings_Settings.apk
com.android.settings	drawable	safety_center_expressive_shield_glyph_icon_status_level_low	ICON	system_ext_priv-app_Settings_Settings.apk
com.android.settings	drawable	safety_center_expressive_shield_glyph_icon_status_level_medium	ICON	system_ext_priv-app_Settings_Settings.apk
com.android.settings	drawable	safety_center_expressive_shield_status_level_high_anim	ANIMATION	system_ext_priv-app_Settings_Settings.apk
com.android.settings	drawable	safety_center_expressive_shield_status_level_low_anim	ANIMATION	system_ext_priv-app_Settings_Settings.apk
com.android.settings	drawable	safety_center_expressive_shield_status_level_medium_anim	ANIMATION	system_ext_priv-app_Settings_Settings.apk
com.android.settings	drawable	settings_expressive_spinner_dropdown_background	COMPONENT_SURFACE	system_ext_priv-app_Settings_Settings.apk
com.android.settings	drawable	settings_expressive_spinner_dropdown_item_selected	OTHER	system_ext_priv-app_Settings_Settings.apk
com.android.settings	drawable	settingslib_expressive_background_generic	COMPONENT_SURFACE	system_ext_priv-app_Settings_Settings.apk
com.android.settings	drawable	settingslib_expressive_background_level_high	COMPONENT_SURFACE	system_ext_priv-app_Settings_Settings.apk
com.android.settings	drawable	settingslib_expressive_background_level_low	COMPONENT_SURFACE	system_ext_priv-app_Settings_Settings.apk
com.android.settings	drawable	settingslib_expressive_background_level_medium	COMPONENT_SURFACE	system_ext_priv-app_Settings_Settings.apk
com.android.settings	drawable	settingslib_expressive_button_background_filled	COMPONENT_SURFACE	system_ext_priv-app_Settings_Settings.apk
com.android.settings	drawable	settingslib_expressive_button_background_outline	COMPONENT_SURFACE	system_ext_priv-app_Settings_Settings.apk
com.android.settings	drawable	settingslib_expressive_floating_toolbar_item_background	COMPONENT_SURFACE	system_ext_priv-app_Settings_Settings.apk
com.android.settings	drawable	settingslib_expressive_header_icon_background	COMPONENT_SURFACE	system_ext_priv-app_Settings_Settings.apk
com.android.settings	drawable	settingslib_expressive_icon_back	ICON	system_ext_priv-app_Settings_Settings.apk
com.android.settings	drawable	settingslib_expressive_icon_bullet_start	ICON	system_ext_priv-app_Settings_Settings.apk
com.android.settings	drawable	settingslib_expressive_icon_check	ICON	system_ext_priv-app_Settings_Settings.apk
com.android.settings	drawable	settingslib_expressive_icon_chevron	ICON	system_ext_priv-app_Settings_Settings.apk
com.android.settings	drawable	settingslib_expressive_icon_close	ICON	system_ext_priv-app_Settings_Settings.apk
com.android.settings	drawable	settingslib_expressive_icon_collapse	ICON	system_ext_priv-app_Settings_Settings.apk
com.android.settings	drawable	settingslib_expressive_icon_cross	ICON	system_ext_priv-app_Settings_Settings.apk
com.android.settings	drawable	settingslib_expressive_icon_expand	ICON	system_ext_priv-app_Settings_Settings.apk
com.android.settings	drawable	settingslib_expressive_icon_level_high	ICON	system_ext_priv-app_Settings_Settings.apk
com.android.settings	drawable	settingslib_expressive_icon_level_low	ICON	system_ext_priv-app_Settings_Settings.apk
com.android.settings	drawable	settingslib_expressive_icon_level_medium	ICON	system_ext_priv-app_Settings_Settings.apk
com.android.settings	drawable	settingslib_expressive_icon_level_normal	ICON	system_ext_priv-app_Settings_Settings.apk
com.android.settings	drawable	settingslib_expressive_icon_more_vert	ICON	system_ext_priv-app_Settings_Settings.apk
com.android.settings	drawable	settingslib_expressive_icon_status_level_high	ICON	system_ext_priv-app_Settings_Settings.apk
com.android.settings	drawable	settingslib_expressive_icon_status_level_low	ICON	system_ext_priv-app_Settings_Settings.apk
com.android.settings	drawable	settingslib_expressive_icon_status_level_medium	ICON	system_ext_priv-app_Settings_Settings.apk
com.android.settings	drawable	settingslib_expressive_icon_status_level_off	ICON	system_ext_priv-app_Settings_Settings.apk
com.android.settings	drawable	settingslib_expressive_icon_up	ICON	system_ext_priv-app_Settings_Settings.apk
com.android.settings	drawable	settingslib_expressive_searchbox_search_icon_24dp	ICON	system_ext_priv-app_Settings_Settings.apk
com.android.settings	drawable	settingslib_expressive_spinner_background_outlined	COMPONENT_SURFACE	system_ext_priv-app_Settings_Settings.apk
com.android.settings	drawable	settingslib_expressive_switch_thumb_icon	ICON	system_ext_priv-app_Settings_Settings.apk
com.android.settings	drawable	settingslib_expressive_zerostate_background	COMPONENT_SURFACE	system_ext_priv-app_Settings_Settings.apk
com.android.settings	drawable	sud_ic_switch_check_mark_expressive	ICON	system_ext_priv-app_Settings_Settings.apk
com.android.settings	drawable	sud_ic_switch_selector_expressive	ICON	system_ext_priv-app_Settings_Settings.apk
com.android.settings	drawable	sud_ic_switch_uncheck_mark_expressive	ICON	system_ext_priv-app_Settings_Settings.apk
com.android.systemui	drawable	ic_apps_expressive	ICON	system_ext_priv-app_SystemUI_SystemUI.apk
com.android.systemui	drawable	ic_chevron_forward_expressive	ICON	system_ext_priv-app_SystemUI_SystemUI.apk
com.android.systemui	drawable	ic_mic_expressive	ICON	system_ext_priv-app_SystemUI_SystemUI.apk
com.android.systemui	drawable	ic_phone_expressive	ICON	system_ext_priv-app_SystemUI_SystemUI.apk
com.android.systemui	drawable	ic_selfie_expressive	ICON	system_ext_priv-app_SystemUI_SystemUI.apk
com.android.systemui	drawable	settings_expressive_spinner_dropdown_background	COMPONENT_SURFACE	system_ext_priv-app_SystemUI_SystemUI.apk
com.android.systemui	drawable	settings_expressive_spinner_dropdown_item_selected	OTHER	system_ext_priv-app_SystemUI_SystemUI.apk
com.android.systemui	drawable	settingslib_expressive_icon_check	ICON	system_ext_priv-app_SystemUI_SystemUI.apk
com.android.systemui	drawable	settingslib_expressive_icon_chevron	ICON	system_ext_priv-app_SystemUI_SystemUI.apk
com.android.systemui	drawable	settingslib_expressive_icon_close	ICON	system_ext_priv-app_SystemUI_SystemUI.apk
com.android.systemui	drawable	settingslib_expressive_icon_collapse	ICON	system_ext_priv-app_SystemUI_SystemUI.apk
com.android.systemui	drawable	settingslib_expressive_icon_cross	ICON	system_ext_priv-app_SystemUI_SystemUI.apk
com.android.systemui	drawable	settingslib_expressive_icon_expand	ICON	system_ext_priv-app_SystemUI_SystemUI.apk
com.android.systemui	drawable	settingslib_expressive_spinner_background	COMPONENT_SURFACE	system_ext_priv-app_SystemUI_SystemUI.apk
com.android.systemui	drawable	settingslib_expressive_spinner_background_outlined	COMPONENT_SURFACE	system_ext_priv-app_SystemUI_SystemUI.apk
com.android.systemui	drawable	settingslib_expressive_spinner_dropdown_background	COMPONENT_SURFACE	system_ext_priv-app_SystemUI_SystemUI.apk
com.android.systemui	drawable	settingslib_expressive_switch_thumb_icon	ICON	system_ext_priv-app_SystemUI_SystemUI.apk
com.android.systemui	drawable	sud_ic_switch_check_mark_expressive	ICON	system_ext_priv-app_SystemUI_SystemUI.apk
com.android.systemui	drawable	sud_ic_switch_selector_expressive	ICON	system_ext_priv-app_SystemUI_SystemUI.apk
com.android.systemui	drawable	sud_ic_switch_uncheck_mark_expressive	ICON	system_ext_priv-app_SystemUI_SystemUI.apk
android	drawable	autofill_expressive_button	COMPONENT_SURFACE	system_framework_framework-res.apk
