target_package	resource_type	base_resource	expressive_resource	evidence	source_target
android	drawable	autofill_bottomsheet_background	autofill_bottomsheet_expressive_background	EXACT_SIBLING_NAME	system_framework_framework-res.apk
android	drawable	bottomsheet_background	bottomsheet_expressive_background	EXACT_SIBLING_NAME	system_framework_framework-res.apk
com.android.settings	drawable	ambient_expand_icon_background	ambient_expand_icon_background_expressive	EXACT_SIBLING_NAME	system_ext_priv-app_Settings_Settings.apk
com.android.settings	drawable	ambient_icon_background	ambient_icon_background_expressive	EXACT_SIBLING_NAME	system_ext_priv-app_Settings_Settings.apk
com.android.settings	drawable	battery_hints_chip_bg	expressive_battery_hints_chip_bg	EXACT_SIBLING_NAME	system_ext_priv-app_Settings_Settings.apk
com.android.settings	drawable	battery_hints_chip_bg_ripple	expressive_battery_hints_chip_bg_ripple	EXACT_SIBLING_NAME	system_ext_priv-app_Settings_Settings.apk
com.android.settings	drawable	content_protection_preference_illustration	content_protection_preference_illustration_expressive	EXACT_SIBLING_NAME	system_ext_priv-app_Settings_Settings.apk
com.android.settings	drawable	face_enroll_icon_large	face_enroll_icon_large_expressive	EXACT_SIBLING_NAME	system_ext_priv-app_Settings_Settings.apk
com.android.settings	drawable	ia_settings_communal	ia_settings_communal_expressive	EXACT_SIBLING_NAME	system_ext_priv-app_Settings_Settings.apk
com.android.settings	drawable	ic_account_child_invert	ic_account_child_invert_expressive	EXACT_SIBLING_NAME	system_ext_priv-app_Settings_Settings.apk
com.android.settings	drawable	ic_apps	ic_apps_expressive	EXACT_SIBLING_NAME	system_ext_priv-app_Settings_Settings.apk
com.android.settings	drawable	ic_devices_other	ic_devices_other_expressive	EXACT_SIBLING_NAME	system_ext_priv-app_Settings_Settings.apk
com.android.settings	drawable	ic_help	ic_help_expressive	EXACT_SIBLING_NAME	system_ext_priv-app_Settings_Settings.apk
com.android.settings	drawable	ic_notifications	ic_notifications_expressive	EXACT_SIBLING_NAME	system_ext_priv-app_Settings_Settings.apk
com.android.settings	drawable	ic_settings_device	ic_settings_device_expressive	EXACT_SIBLING_NAME	system_ext_priv-app_Settings_Settings.apk
com.android.settings	drawable	ic_settings_display	ic_settings_display_expressive	EXACT_SIBLING_NAME	system_ext_priv-app_Settings_Settings.apk
com.android.settings	drawable	ic_settings_location	ic_settings_location_expressive	EXACT_SIBLING_NAME	system_ext_priv-app_Settings_Settings.apk
com.android.settings	drawable	ic_settings_privacy	ic_settings_privacy_expressive	EXACT_SIBLING_NAME	system_ext_priv-app_Settings_Settings.apk
com.android.settings	drawable	ic_settings_safety_center	ic_settings_safety_center_expressive	EXACT_SIBLING_NAME	system_ext_priv-app_Settings_Settings.apk
com.android.settings	drawable	ic_settings_security	ic_settings_security_expressive	EXACT_SIBLING_NAME	system_ext_priv-app_Settings_Settings.apk
com.android.settings	drawable	ic_settings_wireless	ic_settings_wireless_expressive	EXACT_SIBLING_NAME	system_ext_priv-app_Settings_Settings.apk
com.android.settings	drawable	ic_storage	ic_storage_expressive	EXACT_SIBLING_NAME	system_ext_priv-app_Settings_Settings.apk
com.android.settings	drawable	ic_suggested_notifications	ic_suggested_notifications_expressive	EXACT_SIBLING_NAME	system_ext_priv-app_Settings_Settings.apk
com.android.settings	drawable	modes_interstitial_bedtime	modes_interstitial_bedtime_expressive	EXACT_SIBLING_NAME	system_ext_priv-app_Settings_Settings.apk
com.android.settings	drawable	modes_interstitial_driving	modes_interstitial_driving_expressive	EXACT_SIBLING_NAME	system_ext_priv-app_Settings_Settings.apk
com.android.settings	drawable	modes_interstitial_other	modes_interstitial_other_expressive	EXACT_SIBLING_NAME	system_ext_priv-app_Settings_Settings.apk
com.android.settings	drawable	modes_interstitial_theater	modes_interstitial_theater_expressive	EXACT_SIBLING_NAME	system_ext_priv-app_Settings_Settings.apk
com.android.settings	drawable	modes_interstitial_unknown	modes_interstitial_unknown_expressive	EXACT_SIBLING_NAME	system_ext_priv-app_Settings_Settings.apk
com.android.settings	drawable	settingslib_card_background	settingslib_expressive_card_background	EXACT_SIBLING_NAME	system_ext_priv-app_Settings_Settings.apk
com.android.settings	drawable	settingslib_spinner_background	settingslib_expressive_spinner_background	EXACT_SIBLING_NAME	system_ext_priv-app_Settings_Settings.apk
com.android.settings	drawable	settingslib_spinner_dropdown_background	settingslib_expressive_spinner_dropdown_background	EXACT_SIBLING_NAME	system_ext_priv-app_Settings_Settings.apk
com.android.settings	drawable	settingslib_switch_bar_bg	settingslib_expressive_switch_bar_bg	EXACT_SIBLING_NAME	system_ext_priv-app_Settings_Settings.apk
com.android.systemui	drawable	ic_check	ic_check_expressive	EXACT_SIBLING_NAME	system_ext_priv-app_SystemUI_SystemUI.apk
com.android.systemui	drawable	ic_touch	ic_touch_expressive	EXACT_SIBLING_NAME	system_ext_priv-app_SystemUI_SystemUI.apk
com.android.systemui	drawable	settingslib_card_background	settingslib_expressive_card_background	EXACT_SIBLING_NAME	system_ext_priv-app_SystemUI_SystemUI.apk
com.android.systemui	drawable	settingslib_switch_bar_bg	settingslib_expressive_switch_bar_bg	EXACT_SIBLING_NAME	system_ext_priv-app_SystemUI_SystemUI.apk
