target_package	resource_type	expressive_resource	classification	upstream_source	upstream_path	provenance_status	notes
com.android.settings	drawable	ic_settings_about_device_expressive	ICON	AOSP_SETTINGS	res/drawable/ic_settings_about_device_expressive.xml	EXACT_ANDROID17_NAME_MATCH	ColorOS resource name is exactly present in pinned Android 17 upstream
com.android.settings	drawable	ic_settings_accessibility_expressive	ICON	AOSP_SETTINGS	res/drawable/ic_settings_accessibility_expressive.xml	EXACT_ANDROID17_NAME_MATCH	ColorOS resource name is exactly present in pinned Android 17 upstream
com.android.settings	drawable	ic_settings_accounts_and_backup_expressive	ICON	AOSP_SETTINGS	res/drawable/ic_settings_accounts_and_backup_expressive.xml	EXACT_ANDROID17_NAME_MATCH	ColorOS resource name is exactly present in pinned Android 17 upstream
com.android.settings	drawable	ic_settings_battery_expressive	ICON	AOSP_SETTINGS	res/drawable/ic_settings_battery_expressive.xml	EXACT_ANDROID17_NAME_MATCH	ColorOS resource name is exactly present in pinned Android 17 upstream
com.android.settings	drawable	ic_settings_emergency_expressive	ICON	AOSP_SETTINGS	res/drawable/ic_settings_emergency_expressive.xml	EXACT_ANDROID17_NAME_MATCH	ColorOS resource name is exactly present in pinned Android 17 upstream
com.android.settings	drawable	ic_settings_passwords_expressive	ICON	AOSP_SETTINGS	res/drawable/ic_settings_passwords_expressive.xml	EXACT_ANDROID17_NAME_MATCH	ColorOS resource name is exactly present in pinned Android 17 upstream
com.android.settings	drawable	ic_settings_system_dashboard_expressive	ICON	AOSP_SETTINGS	res/drawable/ic_settings_system_dashboard_expressive.xml	EXACT_ANDROID17_NAME_MATCH	ColorOS resource name is exactly present in pinned Android 17 upstream
com.android.settings	drawable	ic_settings_wallpaper_expressive	ICON	AOSP_SETTINGS	res/drawable/ic_settings_wallpaper_expressive.xml	EXACT_ANDROID17_NAME_MATCH	ColorOS resource name is exactly present in pinned Android 17 upstream
com.android.settings	drawable	ic_volume_up_expressive	ICON	AOSP_SETTINGS	res/drawable/ic_volume_up_expressive.xml	EXACT_ANDROID17_NAME_MATCH	ColorOS resource name is exactly present in pinned Android 17 upstream
com.android.settings	drawable	ic_zen_priority_modes_expressive	ICON	AOSP_SETTINGS	res/drawable/ic_zen_priority_modes_expressive.xml	EXACT_ANDROID17_NAME_MATCH	ColorOS resource name is exactly present in pinned Android 17 upstream
com.android.settings	drawable	modes_interstitial_transit_expressive	OTHER	AOSP_SETTINGS	res/drawable/modes_interstitial_transit_expressive.xml	EXACT_ANDROID17_NAME_MATCH	ColorOS resource name is exactly present in pinned Android 17 upstream
com.android.settings	drawable	safety_center_expressive_shield_glyph_icon_status_level_high	ICON	AOSP_SETTINGS	res/drawable/safety_center_expressive_shield_glyph_icon_status_level_high.xml	EXACT_ANDROID17_NAME_MATCH	ColorOS resource name is exactly present in pinned Android 17 upstream
com.android.settings	drawable	safety_center_expressive_shield_glyph_icon_status_level_low	ICON	AOSP_SETTINGS	res/drawable/safety_center_expressive_shield_glyph_icon_status_level_low.xml	EXACT_ANDROID17_NAME_MATCH	ColorOS resource name is exactly present in pinned Android 17 upstream
com.android.settings	drawable	safety_center_expressive_shield_glyph_icon_status_level_medium	ICON	AOSP_SETTINGS	res/drawable/safety_center_expressive_shield_glyph_icon_status_level_medium.xml	EXACT_ANDROID17_NAME_MATCH	ColorOS resource name is exactly present in pinned Android 17 upstream
com.android.settings	drawable	safety_center_expressive_shield_status_level_high_anim	ANIMATION	AOSP_SETTINGS	res/drawable/safety_center_expressive_shield_status_level_high_anim.xml	EXACT_ANDROID17_NAME_MATCH	ColorOS resource name is exactly present in pinned Android 17 upstream
com.android.settings	drawable	safety_center_expressive_shield_status_level_low_anim	ANIMATION	AOSP_SETTINGS	res/drawable/safety_center_expressive_shield_status_level_low_anim.xml	EXACT_ANDROID17_NAME_MATCH	ColorOS resource name is exactly present in pinned Android 17 upstream
com.android.settings	drawable	safety_center_expressive_shield_status_level_medium_anim	ANIMATION	AOSP_SETTINGS	res/drawable/safety_center_expressive_shield_status_level_medium_anim.xml	EXACT_ANDROID17_NAME_MATCH	ColorOS resource name is exactly present in pinned Android 17 upstream
com.android.settings	drawable	settings_expressive_spinner_dropdown_background	COMPONENT_SURFACE	AOSP_SETTINGSLIB	SettingsSpinner/res/drawable-v36/settings_expressive_spinner_dropdown_background.xml	EXACT_ANDROID17_NAME_MATCH	ColorOS resource name is exactly present in pinned Android 17 upstream
com.android.settings	drawable	settings_expressive_spinner_dropdown_item_selected	OTHER	AOSP_SETTINGSLIB	SettingsSpinner/res/drawable-v36/settings_expressive_spinner_dropdown_item_selected.xml	EXACT_ANDROID17_NAME_MATCH	ColorOS resource name is exactly present in pinned Android 17 upstream
com.android.settings	drawable	settingslib_expressive_background_generic	COMPONENT_SURFACE	AOSP_SETTINGSLIB	StatusBannerPreference/res/drawable/settingslib_expressive_background_generic.xml	EXACT_ANDROID17_NAME_MATCH	ColorOS resource name is exactly present in pinned Android 17 upstream
com.android.settings	drawable	settingslib_expressive_background_level_high	COMPONENT_SURFACE	AOSP_SETTINGSLIB	StatusBannerPreference/res/drawable-night/settingslib_expressive_background_level_high.xml	EXACT_ANDROID17_NAME_MATCH	ColorOS resource name is exactly present in pinned Android 17 upstream
com.android.settings	drawable	settingslib_expressive_background_level_low	COMPONENT_SURFACE	AOSP_SETTINGSLIB	StatusBannerPreference/res/drawable-night/settingslib_expressive_background_level_low.xml	EXACT_ANDROID17_NAME_MATCH	ColorOS resource name is exactly present in pinned Android 17 upstream
com.android.settings	drawable	settingslib_expressive_background_level_medium	COMPONENT_SURFACE	AOSP_SETTINGSLIB	StatusBannerPreference/res/drawable-night/settingslib_expressive_background_level_medium.xml	EXACT_ANDROID17_NAME_MATCH	ColorOS resource name is exactly present in pinned Android 17 upstream
com.android.settings	drawable	settingslib_expressive_button_background_filled	COMPONENT_SURFACE	AOSP_SETTINGSLIB	SettingsTheme/res/drawable/settingslib_expressive_button_background_filled.xml	EXACT_ANDROID17_NAME_MATCH	ColorOS resource name is exactly present in pinned Android 17 upstream
com.android.settings	drawable	settingslib_expressive_button_background_outline	COMPONENT_SURFACE	AOSP_SETTINGSLIB	SettingsTheme/res/drawable/settingslib_expressive_button_background_outline.xml	EXACT_ANDROID17_NAME_MATCH	ColorOS resource name is exactly present in pinned Android 17 upstream
com.android.settings	drawable	settingslib_expressive_floating_toolbar_item_background	COMPONENT_SURFACE	AOSP_SETTINGSLIB	CollapsingToolbarBaseActivity/res/drawable-v36/settingslib_expressive_floating_toolbar_item_background.xml	EXACT_ANDROID17_NAME_MATCH	ColorOS resource name is exactly present in pinned Android 17 upstream
com.android.settings	drawable	settingslib_expressive_header_icon_background	COMPONENT_SURFACE	AOSP_SETTINGSLIB	IntroPreference/res/drawable/settingslib_expressive_header_icon_background.xml	EXACT_ANDROID17_NAME_MATCH	ColorOS resource name is exactly present in pinned Android 17 upstream
com.android.settings	drawable	settingslib_expressive_icon_back	ICON	AOSP_SETTINGSLIB	CollapsingToolbarBaseActivity/res/drawable-v36/settingslib_expressive_icon_back.xml	EXACT_ANDROID17_NAME_MATCH	ColorOS resource name is exactly present in pinned Android 17 upstream
com.android.settings	drawable	settingslib_expressive_icon_bullet_start	ICON	AOSP_SETTINGSLIB	SettingsTheme/res/drawable/settingslib_expressive_icon_bullet_start.xml	EXACT_ANDROID17_NAME_MATCH	ColorOS resource name is exactly present in pinned Android 17 upstream
com.android.settings	drawable	settingslib_expressive_icon_check	ICON	AOSP_SETTINGSLIB	SettingsTheme/res/drawable/settingslib_expressive_icon_check.xml	EXACT_ANDROID17_NAME_MATCH	ColorOS resource name is exactly present in pinned Android 17 upstream
com.android.settings	drawable	settingslib_expressive_icon_chevron	ICON	AOSP_SETTINGSLIB	SettingsTheme/res/drawable/settingslib_expressive_icon_chevron.xml	EXACT_ANDROID17_NAME_MATCH	ColorOS resource name is exactly present in pinned Android 17 upstream
com.android.settings	drawable	settingslib_expressive_icon_close	ICON	AOSP_SETTINGSLIB	SettingsTheme/res/drawable/settingslib_expressive_icon_close.xml	EXACT_ANDROID17_NAME_MATCH	ColorOS resource name is exactly present in pinned Android 17 upstream
com.android.settings	drawable	settingslib_expressive_icon_collapse	ICON	AOSP_SETTINGSLIB	SettingsTheme/res/drawable/settingslib_expressive_icon_collapse.xml	EXACT_ANDROID17_NAME_MATCH	ColorOS resource name is exactly present in pinned Android 17 upstream
com.android.settings	drawable	settingslib_expressive_icon_cross	ICON	AOSP_SETTINGSLIB	SettingsTheme/res/drawable/settingslib_expressive_icon_cross.xml	EXACT_ANDROID17_NAME_MATCH	ColorOS resource name is exactly present in pinned Android 17 upstream
com.android.settings	drawable	settingslib_expressive_icon_expand	ICON	AOSP_SETTINGSLIB	SettingsTheme/res/drawable/settingslib_expressive_icon_expand.xml	EXACT_ANDROID17_NAME_MATCH	ColorOS resource name is exactly present in pinned Android 17 upstream
com.android.settings	drawable	settingslib_expressive_icon_level_high	ICON	AOSP_SETTINGSLIB	SettingsTheme/res/drawable/settingslib_expressive_icon_level_high.xml	EXACT_ANDROID17_NAME_MATCH	ColorOS resource name is exactly present in pinned Android 17 upstream
com.android.settings	drawable	settingslib_expressive_icon_level_low	ICON	AOSP_SETTINGSLIB	SettingsTheme/res/drawable/settingslib_expressive_icon_level_low.xml	EXACT_ANDROID17_NAME_MATCH	ColorOS resource name is exactly present in pinned Android 17 upstream
com.android.settings	drawable	settingslib_expressive_icon_level_medium	ICON	AOSP_SETTINGSLIB	SettingsTheme/res/drawable/settingslib_expressive_icon_level_medium.xml	EXACT_ANDROID17_NAME_MATCH	ColorOS resource name is exactly present in pinned Android 17 upstream
com.android.settings	drawable	settingslib_expressive_icon_level_normal	ICON	AOSP_SETTINGSLIB	SettingsTheme/res/drawable/settingslib_expressive_icon_level_normal.xml	EXACT_ANDROID17_NAME_MATCH	ColorOS resource name is exactly present in pinned Android 17 upstream
com.android.settings	drawable	settingslib_expressive_icon_more_vert	ICON	AOSP_SETTINGSLIB	MenuPreference/res/drawable/settingslib_expressive_icon_more_vert.xml	EXACT_ANDROID17_NAME_MATCH	ColorOS resource name is exactly present in pinned Android 17 upstream
com.android.settings	drawable	settingslib_expressive_icon_status_level_high	ICON	AOSP_SETTINGSLIB	StatusBannerPreference/res/drawable/settingslib_expressive_icon_status_level_high.xml	EXACT_ANDROID17_NAME_MATCH	ColorOS resource name is exactly present in pinned Android 17 upstream
com.android.settings	drawable	settingslib_expressive_icon_status_level_low	ICON	AOSP_SETTINGSLIB	StatusBannerPreference/res/drawable/settingslib_expressive_icon_status_level_low.xml	EXACT_ANDROID17_NAME_MATCH	ColorOS resource name is exactly present in pinned Android 17 upstream
com.android.settings	drawable	settingslib_expressive_icon_status_level_medium	ICON	AOSP_SETTINGSLIB	StatusBannerPreference/res/drawable/settingslib_expressive_icon_status_level_medium.xml	EXACT_ANDROID17_NAME_MATCH	ColorOS resource name is exactly present in pinned Android 17 upstream
com.android.settings	drawable	settingslib_expressive_icon_status_level_off	ICON	AOSP_SETTINGSLIB	StatusBannerPreference/res/drawable/settingslib_expressive_icon_status_level_off.xml	EXACT_ANDROID17_NAME_MATCH	ColorOS resource name is exactly present in pinned Android 17 upstream
com.android.settings	drawable	settingslib_expressive_icon_up	ICON	AOSP_SETTINGSLIB	SettingsTheme/res/drawable/settingslib_expressive_icon_up.xml	EXACT_ANDROID17_NAME_MATCH	ColorOS resource name is exactly present in pinned Android 17 upstream
com.android.settings	drawable	settingslib_expressive_searchbox_search_icon_24dp	ICON	AOSP_SETTINGSLIB	SearchBoxPreference/res/drawable/settingslib_expressive_searchbox_search_icon_24dp.xml	EXACT_ANDROID17_NAME_MATCH	ColorOS resource name is exactly present in pinned Android 17 upstream
com.android.settings	drawable	settingslib_expressive_spinner_background_outlined	COMPONENT_SURFACE	AOSP_SETTINGSLIB	SettingsTheme/res/drawable-v36/settingslib_expressive_spinner_background_outlined.xml	EXACT_ANDROID17_NAME_MATCH	ColorOS resource name is exactly present in pinned Android 17 upstream
com.android.settings	drawable	settingslib_expressive_switch_thumb_icon	ICON	AOSP_SETTINGSLIB	SettingsTheme/res/drawable/settingslib_expressive_switch_thumb_icon.xml	EXACT_ANDROID17_NAME_MATCH	ColorOS resource name is exactly present in pinned Android 17 upstream
com.android.settings	drawable	settingslib_expressive_zerostate_background	COMPONENT_SURFACE	AOSP_SETTINGSLIB	ZeroStatePreference/res/drawable/settingslib_expressive_zerostate_background.xml	EXACT_ANDROID17_NAME_MATCH	ColorOS resource name is exactly present in pinned Android 17 upstream
com.android.settings	drawable	sud_ic_switch_check_mark_expressive	ICON			NO_MATCH_IN_SETTINGS_SETTINGSLIB_SYSTEMUI_CORE	Keep ColorOS-native; do not synthesize a replacement from name alone
com.android.settings	drawable	sud_ic_switch_selector_expressive	ICON			NO_MATCH_IN_SETTINGS_SETTINGSLIB_SYSTEMUI_CORE	Keep ColorOS-native; do not synthesize a replacement from name alone
com.android.settings	drawable	sud_ic_switch_uncheck_mark_expressive	ICON			NO_MATCH_IN_SETTINGS_SETTINGSLIB_SYSTEMUI_CORE	Keep ColorOS-native; do not synthesize a replacement from name alone
com.android.systemui	drawable	ic_apps_expressive	ICON	AOSP_SETTINGS	res/drawable/ic_apps_expressive.xml	EXACT_ANDROID17_NAME_MATCH	ColorOS resource name is exactly present in pinned Android 17 upstream
com.android.systemui	drawable	ic_chevron_forward_expressive	ICON	AOSP_SYSTEMUI	res/drawable/ic_chevron_forward_expressive.xml	EXACT_ANDROID17_NAME_MATCH	ColorOS resource name is exactly present in pinned Android 17 upstream
com.android.systemui	drawable	ic_mic_expressive	ICON	AOSP_SYSTEMUI	res/drawable/ic_mic_expressive.xml	EXACT_ANDROID17_NAME_MATCH	ColorOS resource name is exactly present in pinned Android 17 upstream
com.android.systemui	drawable	ic_phone_expressive	ICON	AOSP_SYSTEMUI	res/drawable/ic_phone_expressive.xml	EXACT_ANDROID17_NAME_MATCH	ColorOS resource name is exactly present in pinned Android 17 upstream
com.android.systemui	drawable	ic_selfie_expressive	ICON	AOSP_SYSTEMUI	res/drawable/ic_selfie_expressive.xml	EXACT_ANDROID17_NAME_MATCH	ColorOS resource name is exactly present in pinned Android 17 upstream
com.android.systemui	drawable	settings_expressive_spinner_dropdown_background	COMPONENT_SURFACE	AOSP_SETTINGSLIB	SettingsSpinner/res/drawable-v36/settings_expressive_spinner_dropdown_background.xml	EXACT_ANDROID17_NAME_MATCH	ColorOS resource name is exactly present in pinned Android 17 upstream
com.android.systemui	drawable	settings_expressive_spinner_dropdown_item_selected	OTHER	AOSP_SETTINGSLIB	SettingsSpinner/res/drawable-v36/settings_expressive_spinner_dropdown_item_selected.xml	EXACT_ANDROID17_NAME_MATCH	ColorOS resource name is exactly present in pinned Android 17 upstream
com.android.systemui	drawable	settingslib_expressive_icon_check	ICON	AOSP_SETTINGSLIB	SettingsTheme/res/drawable/settingslib_expressive_icon_check.xml	EXACT_ANDROID17_NAME_MATCH	ColorOS resource name is exactly present in pinned Android 17 upstream
com.android.systemui	drawable	settingslib_expressive_icon_chevron	ICON	AOSP_SETTINGSLIB	SettingsTheme/res/drawable/settingslib_expressive_icon_chevron.xml	EXACT_ANDROID17_NAME_MATCH	ColorOS resource name is exactly present in pinned Android 17 upstream
com.android.systemui	drawable	settingslib_expressive_icon_close	ICON	AOSP_SETTINGSLIB	SettingsTheme/res/drawable/settingslib_expressive_icon_close.xml	EXACT_ANDROID17_NAME_MATCH	ColorOS resource name is exactly present in pinned Android 17 upstream
com.android.systemui	drawable	settingslib_expressive_icon_collapse	ICON	AOSP_SETTINGSLIB	SettingsTheme/res/drawable/settingslib_expressive_icon_collapse.xml	EXACT_ANDROID17_NAME_MATCH	ColorOS resource name is exactly present in pinned Android 17 upstream
com.android.systemui	drawable	settingslib_expressive_icon_cross	ICON	AOSP_SETTINGSLIB	SettingsTheme/res/drawable/settingslib_expressive_icon_cross.xml	EXACT_ANDROID17_NAME_MATCH	ColorOS resource name is exactly present in pinned Android 17 upstream
com.android.systemui	drawable	settingslib_expressive_icon_expand	ICON	AOSP_SETTINGSLIB	SettingsTheme/res/drawable/settingslib_expressive_icon_expand.xml	EXACT_ANDROID17_NAME_MATCH	ColorOS resource name is exactly present in pinned Android 17 upstream
com.android.systemui	drawable	settingslib_expressive_spinner_background	COMPONENT_SURFACE	AOSP_SETTINGSLIB	SettingsTheme/res/drawable-v36/settingslib_expressive_spinner_background.xml	EXACT_ANDROID17_NAME_MATCH	ColorOS resource name is exactly present in pinned Android 17 upstream
com.android.systemui	drawable	settingslib_expressive_spinner_background_outlined	COMPONENT_SURFACE	AOSP_SETTINGSLIB	SettingsTheme/res/drawable-v36/settingslib_expressive_spinner_background_outlined.xml	EXACT_ANDROID17_NAME_MATCH	ColorOS resource name is exactly present in pinned Android 17 upstream
com.android.systemui	drawable	settingslib_expressive_spinner_dropdown_background	COMPONENT_SURFACE	AOSP_SETTINGSLIB	SettingsTheme/res/drawable-v36/settingslib_expressive_spinner_dropdown_background.xml	EXACT_ANDROID17_NAME_MATCH	ColorOS resource name is exactly present in pinned Android 17 upstream
com.android.systemui	drawable	settingslib_expressive_switch_thumb_icon	ICON	AOSP_SETTINGSLIB	SettingsTheme/res/drawable/settingslib_expressive_switch_thumb_icon.xml	EXACT_ANDROID17_NAME_MATCH	ColorOS resource name is exactly present in pinned Android 17 upstream
com.android.systemui	drawable	sud_ic_switch_check_mark_expressive	ICON			NO_MATCH_IN_SETTINGS_SETTINGSLIB_SYSTEMUI_CORE	Keep ColorOS-native; do not synthesize a replacement from name alone
com.android.systemui	drawable	sud_ic_switch_selector_expressive	ICON			NO_MATCH_IN_SETTINGS_SETTINGSLIB_SYSTEMUI_CORE	Keep ColorOS-native; do not synthesize a replacement from name alone
com.android.systemui	drawable	sud_ic_switch_uncheck_mark_expressive	ICON			NO_MATCH_IN_SETTINGS_SETTINGSLIB_SYSTEMUI_CORE	Keep ColorOS-native; do not synthesize a replacement from name alone
android	drawable	autofill_expressive_button	COMPONENT_SURFACE	AOSP_CORE	res/res/drawable/autofill_expressive_button.xml	EXACT_ANDROID17_NAME_MATCH	ColorOS resource name is exactly present in pinned Android 17 upstream
