target_package	homepage_wrapper	container_size	foreground_size	inset	background_color	foreground_drawable	foreground_kind	evidence
com.android.settings	ic_homepage_about	24dp	16dp	4dp	homepage_about_background	ic_settings_about_device_expressive	NATIVE_EXPRESSIVE	BINARY_XML_DIRECT_REFERENCE
com.android.settings	ic_homepage_accessibility	24dp	16dp	4dp	homepage_accessibility_background	ic_settings_accessibility_expressive	NATIVE_EXPRESSIVE	BINARY_XML_DIRECT_REFERENCE
com.android.settings	ic_homepage_accounts	24dp	16dp	4dp	homepage_accounts_background	ic_settings_passwords_expressive	NATIVE_EXPRESSIVE	BINARY_XML_DIRECT_REFERENCE
com.android.settings	ic_homepage_accounts_and_backup	24dp	16dp	4dp	homepage_accounts_background	ic_settings_accounts_and_backup_expressive	NATIVE_EXPRESSIVE	BINARY_XML_DIRECT_REFERENCE
com.android.settings	ic_homepage_apps	24dp	16dp	4dp	homepage_apps_background	ic_apps_expressive	NATIVE_EXPRESSIVE	BINARY_XML_DIRECT_REFERENCE
com.android.settings	ic_homepage_battery	24dp	16dp	4dp	homepage_battery_background	ic_settings_battery_expressive	NATIVE_EXPRESSIVE	BINARY_XML_DIRECT_REFERENCE
com.android.settings	ic_homepage_connected_device	24dp	16dp	4dp	homepage_connected_device_background	ic_devices_other_expressive	NATIVE_EXPRESSIVE	BINARY_XML_DIRECT_REFERENCE
com.android.settings	ic_homepage_data_usage	24dp	16dp	4dp	homepage_network_background	ic_settings_data_usage	NATIVE_NON_EXPRESSIVE	BINARY_XML_DIRECT_REFERENCE
com.android.settings	ic_homepage_device	24dp	16dp	4dp	homepage_device_background	ic_settings_device_expressive	NATIVE_EXPRESSIVE	BINARY_XML_DIRECT_REFERENCE
com.android.settings	ic_homepage_display	24dp	16dp	4dp	homepage_display_background	ic_settings_display_expressive	NATIVE_EXPRESSIVE	BINARY_XML_DIRECT_REFERENCE
com.android.settings	ic_homepage_emergency	24dp	16dp	4dp	homepage_safety_background	ic_settings_emergency_expressive	NATIVE_EXPRESSIVE	BINARY_XML_DIRECT_REFERENCE
com.android.settings	ic_homepage_hub_mode	24dp	16dp	4dp	homepage_hub_mode_background	ia_settings_communal_expressive	NATIVE_EXPRESSIVE	BINARY_XML_DIRECT_REFERENCE
com.android.settings	ic_homepage_location	24dp	16dp	4dp	homepage_location_background	ic_settings_location_expressive	NATIVE_EXPRESSIVE	BINARY_XML_DIRECT_REFERENCE
com.android.settings	ic_homepage_modes	24dp	16dp	4dp	homepage_modes_background	ic_zen_priority_modes_expressive	NATIVE_EXPRESSIVE	BINARY_XML_DIRECT_REFERENCE
com.android.settings	ic_homepage_network	24dp	16dp	4dp	homepage_network_background	ic_settings_wireless_expressive	NATIVE_EXPRESSIVE	BINARY_XML_DIRECT_REFERENCE
com.android.settings	ic_homepage_notification	24dp	16dp	4dp	homepage_sound_background	ic_notifications_expressive	NATIVE_EXPRESSIVE	BINARY_XML_DIRECT_REFERENCE
com.android.settings	ic_homepage_privacy	24dp	16dp	4dp	homepage_security_background	ic_settings_privacy_expressive	NATIVE_EXPRESSIVE	BINARY_XML_DIRECT_REFERENCE
com.android.settings	ic_homepage_safety_center	24dp	16dp	4dp	homepage_security_background	ic_settings_safety_center_expressive	NATIVE_EXPRESSIVE	BINARY_XML_DIRECT_REFERENCE
com.android.settings	ic_homepage_security	24dp	16dp	4dp	homepage_security_background	ic_settings_security_expressive	NATIVE_EXPRESSIVE	BINARY_XML_DIRECT_REFERENCE
com.android.settings	ic_homepage_sound	24dp	16dp	4dp	homepage_sound_background	ic_volume_up_expressive	NATIVE_EXPRESSIVE	BINARY_XML_DIRECT_REFERENCE
com.android.settings	ic_homepage_storage	24dp	16dp	4dp	homepage_storage_background	ic_storage_expressive	NATIVE_EXPRESSIVE	BINARY_XML_DIRECT_REFERENCE
com.android.settings	ic_homepage_supervision	24dp	16dp	4dp	homepage_supervision_background	ic_account_child_invert_expressive	NATIVE_EXPRESSIVE	BINARY_XML_DIRECT_REFERENCE
com.android.settings	ic_homepage_support	24dp	16dp	4dp	homepage_support_background	ic_help_expressive	NATIVE_EXPRESSIVE	BINARY_XML_DIRECT_REFERENCE
com.android.settings	ic_homepage_system_dashboard	24dp	16dp	4dp	homepage_system_background	ic_settings_system_dashboard_expressive	NATIVE_EXPRESSIVE	BINARY_XML_DIRECT_REFERENCE
com.android.settings	ic_homepage_wallpaper	24dp	16dp	4dp	homepage_wallpaper_background	ic_settings_wallpaper_expressive	NATIVE_EXPRESSIVE	BINARY_XML_DIRECT_REFERENCE
