key	current_icon	preferred_source	preferred_candidate	material_symbol_fallback	confidence	status	notes
usercenter_preference	drawable/settings_usercenter_default_profile_ic	KEEP_NATIVE		account_circle	HIGH	MAPPED	OEM account/profile identity
top_level_app_updater	drawable/settings_app_updater_ic	KEEP_NATIVE		system_update_alt	HIGH	MAPPED	ColorOS updater identity; fallback documented only
airplane_mode	drawable/settings_airplane_mode_ic	MATERIAL_SYMBOL	flight	flight	HIGH	PROBE_READY	Generic system semantic
wifi_settings	drawable/settings_wifi_ic	MATERIAL_SYMBOL	wifi	wifi	HIGH	PROBE_READY	Generic Wi-Fi semantic
bluetooth_settings	drawable/settings_bluetooh_ic	MATERIAL_SYMBOL	settings_bluetooth	settings_bluetooth	HIGH	PROBE_READY	Generic Bluetooth settings semantic
network_settings	drawable/settings_mobile_network_ic	KEEP_NATIVE		signal_cellular_alt	HIGH	MAPPED	Carrier/mobile-network presentation remains OEM-owned
satellite_network	drawable/settings_satellite_network_ic	KEEP_NATIVE		satellite_alt	HIGH	MAPPED	OPlus satellite feature remains OEM-owned
more_about_network	drawable/settings_more_settings_ic	KEEP_NATIVE		hub	MEDIUM	MAPPED	Aggregate OPlus network entry; fallback only
large_screen_feature	drawable/settings_large_screen_ic	KEEP_NATIVE		devices	MEDIUM	MAPPED	OEM large-screen feature
flip_screen_feature_top_pref	drawable/ic_flip_screen_feature	KEEP_NATIVE		screen_rotation	LOW	MAPPED	Form-factor-specific feature
personalized_customization_entrance	drawable/settings_personalise_ic	KEEP_NATIVE		palette	HIGH	MAPPED	ColorOS personalization identity
wallpaper	drawable/settings_wallpaper_ic	NATIVE_EXPRESSIVE	ic_settings_wallpaper_expressive	wallpaper	HIGH	PROBE_READY	Exact native Expressive asset exists
display_and_brightness	drawable/settings_brightness_ic	NATIVE_EXPRESSIVE	ic_settings_display_expressive	display_settings	HIGH	PROBE_READY	Exact native Expressive category asset exists
sound_and_vibrator	drawable/settings_sound_settings_ic	NATIVE_EXPRESSIVE	ic_volume_up_expressive	volume_up	HIGH	PROBE_READY	Native Expressive volume asset exists
notification_and_statusbar	drawable/settings_notify_center_ic	NATIVE_EXPRESSIVE	ic_notifications_expressive	notifications	HIGH	PROBE_READY	Exact native Expressive notification asset exists
breathing_light_multi_led	drawable/breathing_light_multi_led_ic	KEEP_NATIVE		lightbulb	MEDIUM	MAPPED	OnePlus/OPlus breathing-light feature
screen_lock	drawable/settings_lock_ic	MATERIAL_SYMBOL	lock	lock	HIGH	PROBE_READY	Generic lock semantic
top_level_privacy	drawable/settings_privacy_exp_ic	NATIVE_EXPRESSIVE	ic_settings_privacy_expressive	privacy_tip	HIGH	PROBE_READY	Exact native Expressive privacy asset exists
top_level_safety_center	drawable/settings_safety_center_ic	NATIVE_EXPRESSIVE	ic_settings_safety_center_expressive	health_and_safety	HIGH	PROBE_READY	Exact native Expressive safety-center asset exists
key_sos	drawable/settings_sos_ic	KEEP_NATIVE		emergency	HIGH	MAPPED	OEM SOS entry; fallback only
top_level_location	drawable/settings_position_exp_ic	NATIVE_EXPRESSIVE	ic_settings_location_expressive	location_on	HIGH	PROBE_READY	Exact native Expressive location asset exists
snap_card_pack	drawable/settings_wallet_payment_ic	KEEP_NATIVE		wallet	MEDIUM	MAPPED	OEM wallet/card integration
digital_health_and_family_defend	drawable/settings_digital_health_and_family_defend_ic	KEEP_NATIVE		family_restroom	MEDIUM	MAPPED	OEM family-defense feature
digital_wellbeing_and_parent_controls	drawable/settings_health_data_exp_ic	KEEP_NATIVE		digital_wellbeing	HIGH	MAPPED	ColorOS entry presentation remains native
application_manager	drawable/settings_application_manage_ic	NATIVE_EXPRESSIVE	ic_apps_expressive	apps	HIGH	PROBE_READY	Exact native Expressive apps asset exists
battery_settings	drawable/settings_power_manage_ic	NATIVE_EXPRESSIVE	ic_settings_battery_expressive	battery_full	HIGH	PROBE_READY	Exact native Expressive battery asset exists
magic_cube_key	drawable/magic_cube_ic	KEEP_NATIVE		widgets	LOW	MAPPED	OEM hardware feature
msic_fan	drawable/settings_misc_fan_ic	KEEP_NATIVE		mode_fan	HIGH	MAPPED	OEM hardware feature; Material fallback is semantically exact
msic_fan_and_atmosphere	drawable/settings_misc_fan_ic	KEEP_NATIVE		mode_fan	MEDIUM	MAPPED	Composite OEM hardware feature
dm_atmosphere_light	drawable/dm_atmosphere_light_ic	KEEP_NATIVE		light_mode	MEDIUM	MAPPED	OEM atmosphere-light feature
special_function	drawable/settings_special_function_ic	KEEP_NATIVE		auto_awesome	LOW	MAPPED	Aggregate ColorOS special-features entry
personal_assist	drawable/settings_system_breeno_ic	KEEP_NATIVE		assistant	HIGH	MAPPED	Breeno identity remains native
game_settings	drawable/settings_home_game_ic	KEEP_NATIVE		sports_esports	HIGH	MAPPED	OPlus game feature
oplus_cloud_service	drawable/settings_cloud_service_ic	KEEP_NATIVE		cloud	HIGH	MAPPED	OPlus cloud identity remains native
wallet_and_payment	drawable/settings_wallet_payment_ic	KEEP_NATIVE		wallet	HIGH	MAPPED	OEM wallet/payment identity
system_settings	drawable/settings_general_system_ic	NATIVE_EXPRESSIVE	ic_settings_system_dashboard_expressive	settings	HIGH	PROBE_READY	Exact native Expressive system asset exists
about_phone	drawable/settings_about_device_ic	NATIVE_EXPRESSIVE	ic_settings_about_device_expressive	info	HIGH	PROBE_READY	Exact native Expressive about-device asset exists
account_settings	drawable/settings_accounts_sync_ic	MATERIAL_SYMBOL	manage_accounts	manage_accounts	MEDIUM	PROBE_READY	Generic account-management semantic; native wrapper not proven
google_settings_exp	drawable/settings_google_settings_exp_ic	KEEP_NATIVE			HIGH	MAPPED	Google service identity must not be approximated
legal_information	drawable/settings_law_exp_ic	MATERIAL_SYMBOL	gavel	gavel	HIGH	PROBE_READY	Generic legal-information semantic
laboratory_key	drawable/settings_laboratory_ic	KEEP_NATIVE		science	MEDIUM	MAPPED	ColorOS laboratory identity
top_level_support	drawable/ic_support_tips	NATIVE_EXPRESSIVE	ic_help_expressive	support_agent	HIGH	PROBE_READY	Native help Expressive asset exists
