# key	target_package	resource_name	light	dark
battery	com.oplus.battery	coui_color_additional_blue	@android:color/system_primary_light	@android:color/system_primary_dark
battery	com.oplus.battery	coui_color_blue	@android:color/system_primary_light	@android:color/system_primary_dark
battery	com.oplus.battery	coui_color_container_theme_blue	@android:color/system_primary_light	@android:color/system_primary_dark
battery	com.oplus.battery	coui_color_label_theme_blue	@android:color/system_primary_light	@android:color/system_primary_dark
battery	com.oplus.battery	coui_color_primary_blue	@android:color/system_primary_light	@android:color/system_primary_dark
battery	com.oplus.battery	coui_color_primary_on_popup_blue	@android:color/system_primary_light	@android:color/system_primary_dark
battery	com.oplus.battery	coui_color_primary_text_blue	@android:color/system_primary_light	@android:color/system_primary_dark
battery	com.oplus.battery	coui_color_tips	@android:color/system_primary_light	@android:color/system_primary_dark
clock	com.coloros.alarmclock	coui_color_additional_blue	@android:color/system_primary_light	@android:color/system_primary_dark
clock	com.coloros.alarmclock	coui_color_blue	@android:color/system_primary_light	@android:color/system_primary_dark
clock	com.coloros.alarmclock	coui_color_container_theme_blue	@android:color/system_primary_light	@android:color/system_primary_dark
clock	com.coloros.alarmclock	coui_color_label_theme_blue	@android:color/system_primary_light	@android:color/system_primary_dark
clock	com.coloros.alarmclock	coui_color_primary_blue	@android:color/system_primary_light	@android:color/system_primary_dark
clock	com.coloros.alarmclock	coui_color_primary_on_popup_blue	@android:color/system_primary_light	@android:color/system_primary_dark
clock	com.coloros.alarmclock	coui_color_primary_text_blue	@android:color/system_primary_light	@android:color/system_primary_dark
clock	com.coloros.alarmclock	coui_color_tips	@android:color/system_primary_light	@android:color/system_primary_dark
contacts	com.android.contacts	coui_color_additional_blue	@android:color/system_primary_light	@android:color/system_primary_dark
contacts	com.android.contacts	coui_color_blue	@android:color/system_primary_light	@android:color/system_primary_dark
contacts	com.android.contacts	coui_color_container_theme_blue	@android:color/system_primary_light	@android:color/system_primary_dark
contacts	com.android.contacts	coui_color_label_theme_blue	@android:color/system_primary_light	@android:color/system_primary_dark
contacts	com.android.contacts	coui_color_primary_blue	@android:color/system_primary_light	@android:color/system_primary_dark
contacts	com.android.contacts	coui_color_primary_on_popup_blue	@android:color/system_primary_light	@android:color/system_primary_dark
contacts	com.android.contacts	coui_color_primary_text_blue	@android:color/system_primary_light	@android:color/system_primary_dark
contacts	com.android.contacts	coui_color_tips	@android:color/system_primary_light	@android:color/system_primary_dark
eyeprotect	com.oplus.eyeprotect	coui_color_additional_blue	@android:color/system_primary_light	@android:color/system_primary_dark
eyeprotect	com.oplus.eyeprotect	coui_color_blue	@android:color/system_primary_light	@android:color/system_primary_dark
eyeprotect	com.oplus.eyeprotect	coui_color_container_theme_blue	@android:color/system_primary_light	@android:color/system_primary_dark
eyeprotect	com.oplus.eyeprotect	coui_color_label_theme_blue	@android:color/system_primary_light	@android:color/system_primary_dark
eyeprotect	com.oplus.eyeprotect	coui_color_primary_blue	@android:color/system_primary_light	@android:color/system_primary_dark
eyeprotect	com.oplus.eyeprotect	coui_color_primary_on_popup_blue	@android:color/system_primary_light	@android:color/system_primary_dark
eyeprotect	com.oplus.eyeprotect	coui_color_primary_text_blue	@android:color/system_primary_light	@android:color/system_primary_dark
eyeprotect	com.oplus.eyeprotect	coui_color_tips	@android:color/system_primary_light	@android:color/system_primary_dark
launcher	com.android.launcher	coui_color_additional_blue	@android:color/system_primary_light	@android:color/system_primary_dark
launcher	com.android.launcher	coui_color_blue	@android:color/system_primary_light	@android:color/system_primary_dark
launcher	com.android.launcher	coui_color_container_theme_blue	@android:color/system_primary_light	@android:color/system_primary_dark
launcher	com.android.launcher	coui_color_label_theme_blue	@android:color/system_primary_light	@android:color/system_primary_dark
launcher	com.android.launcher	coui_color_primary_blue	@android:color/system_primary_light	@android:color/system_primary_dark
launcher	com.android.launcher	coui_color_primary_on_popup_blue	@android:color/system_primary_light	@android:color/system_primary_dark
launcher	com.android.launcher	coui_color_primary_text_blue	@android:color/system_primary_light	@android:color/system_primary_dark
launcher	com.android.launcher	coui_color_tips	@android:color/system_primary_light	@android:color/system_primary_dark
linker	com.oplus.linker	colorPrimary	@android:color/system_primary_light	@android:color/system_primary_dark
linker	com.oplus.linker	coui_color_additional_blue	@android:color/system_primary_light	@android:color/system_primary_dark
linker	com.oplus.linker	coui_color_blue	@android:color/system_primary_light	@android:color/system_primary_dark
linker	com.oplus.linker	coui_color_container_theme_blue	@android:color/system_primary_light	@android:color/system_primary_dark
linker	com.oplus.linker	coui_color_label_theme_blue	@android:color/system_primary_light	@android:color/system_primary_dark
linker	com.oplus.linker	coui_color_primary_blue	@android:color/system_primary_light	@android:color/system_primary_dark
linker	com.oplus.linker	coui_color_primary_on_popup_blue	@android:color/system_primary_light	@android:color/system_primary_dark
linker	com.oplus.linker	coui_color_primary_text_blue	@android:color/system_primary_light	@android:color/system_primary_dark
linker	com.oplus.linker	coui_color_tips	@android:color/system_primary_light	@android:color/system_primary_dark
notificationmanager	com.oplus.notificationmanager	coui_color_additional_blue	@android:color/system_primary_light	@android:color/system_primary_dark
notificationmanager	com.oplus.notificationmanager	coui_color_blue	@android:color/system_primary_light	@android:color/system_primary_dark
notificationmanager	com.oplus.notificationmanager	coui_color_container_theme_blue	@android:color/system_primary_light	@android:color/system_primary_dark
notificationmanager	com.oplus.notificationmanager	coui_color_label_theme_blue	@android:color/system_primary_light	@android:color/system_primary_dark
notificationmanager	com.oplus.notificationmanager	coui_color_primary_blue	@android:color/system_primary_light	@android:color/system_primary_dark
notificationmanager	com.oplus.notificationmanager	coui_color_primary_on_popup_blue	@android:color/system_primary_light	@android:color/system_primary_dark
notificationmanager	com.oplus.notificationmanager	coui_color_primary_text_blue	@android:color/system_primary_light	@android:color/system_primary_dark
notificationmanager	com.oplus.notificationmanager	coui_color_tips	@android:color/system_primary_light	@android:color/system_primary_dark
permission	com.oplus.securitypermission	coui_color_additional_blue	@android:color/system_primary_light	@android:color/system_primary_dark
permission	com.oplus.securitypermission	coui_color_blue	@android:color/system_primary_light	@android:color/system_primary_dark
permission	com.oplus.securitypermission	coui_color_container_theme_blue	@android:color/system_primary_light	@android:color/system_primary_dark
permission	com.oplus.securitypermission	coui_color_label_theme_blue	@android:color/system_primary_light	@android:color/system_primary_dark
permission	com.oplus.securitypermission	coui_color_primary_blue	@android:color/system_primary_light	@android:color/system_primary_dark
permission	com.oplus.securitypermission	coui_color_primary_on_popup_blue	@android:color/system_primary_light	@android:color/system_primary_dark
permission	com.oplus.securitypermission	coui_color_primary_text_blue	@android:color/system_primary_light	@android:color/system_primary_dark
permission	com.oplus.securitypermission	coui_color_tips	@android:color/system_primary_light	@android:color/system_primary_dark
phone	com.android.phone	coui_color_additional_blue	@android:color/system_primary_light	@android:color/system_primary_dark
phone	com.android.phone	coui_color_blue	@android:color/system_primary_light	@android:color/system_primary_dark
phone	com.android.phone	coui_color_container_theme_blue	@android:color/system_primary_light	@android:color/system_primary_dark
phone	com.android.phone	coui_color_label_theme_blue	@android:color/system_primary_light	@android:color/system_primary_dark
phone	com.android.phone	coui_color_primary_blue	@android:color/system_primary_light	@android:color/system_primary_dark
phone	com.android.phone	coui_color_primary_on_popup_blue	@android:color/system_primary_light	@android:color/system_primary_dark
phone	com.android.phone	coui_color_primary_text_blue	@android:color/system_primary_light	@android:color/system_primary_dark
phone	com.android.phone	coui_color_tips	@android:color/system_primary_light	@android:color/system_primary_dark
phonemanager	com.coloros.phonemanager	coui_color_additional_blue	@android:color/system_primary_light	@android:color/system_primary_dark
phonemanager	com.coloros.phonemanager	coui_color_blue	@android:color/system_primary_light	@android:color/system_primary_dark
phonemanager	com.coloros.phonemanager	coui_color_container_theme_blue	@android:color/system_primary_light	@android:color/system_primary_dark
phonemanager	com.coloros.phonemanager	coui_color_label_theme_blue	@android:color/system_primary_light	@android:color/system_primary_dark
phonemanager	com.coloros.phonemanager	coui_color_primary_blue	@android:color/system_primary_light	@android:color/system_primary_dark
phonemanager	com.coloros.phonemanager	coui_color_primary_on_popup_blue	@android:color/system_primary_light	@android:color/system_primary_dark
phonemanager	com.coloros.phonemanager	coui_color_primary_text_blue	@android:color/system_primary_light	@android:color/system_primary_dark
phonemanager	com.coloros.phonemanager	coui_color_tips	@android:color/system_primary_light	@android:color/system_primary_dark
pscanvas	com.oplus.pscanvas	coui_color_primary_on_popup_blue	@android:color/system_primary_light	@android:color/system_primary_dark
settings	com.android.settings	coui_color_additional_blue	@android:color/system_primary_light	@android:color/system_primary_dark
settings	com.android.settings	coui_color_blue	@android:color/system_primary_light	@android:color/system_primary_dark
settings	com.android.settings	coui_color_container_theme_blue	@android:color/system_primary_light	@android:color/system_primary_dark
settings	com.android.settings	coui_color_label_theme_blue	@android:color/system_primary_light	@android:color/system_primary_dark
settings	com.android.settings	coui_color_primary_blue	@android:color/system_primary_light	@android:color/system_primary_dark
settings	com.android.settings	coui_color_primary_on_popup_blue	@android:color/system_primary_light	@android:color/system_primary_dark
settings	com.android.settings	coui_color_primary_text_blue	@android:color/system_primary_light	@android:color/system_primary_dark
settings	com.android.settings	coui_color_tips	@android:color/system_primary_light	@android:color/system_primary_dark
systemui	com.android.systemui	coui_color_additional_blue	@android:color/system_primary_light	@android:color/system_primary_dark
systemui	com.android.systemui	coui_color_blue	@android:color/system_primary_light	@android:color/system_primary_dark
systemui	com.android.systemui	coui_color_container_theme_blue	@android:color/system_primary_light	@android:color/system_primary_dark
systemui	com.android.systemui	coui_color_label_theme_blue	@android:color/system_primary_light	@android:color/system_primary_dark
systemui	com.android.systemui	coui_color_primary_blue	@android:color/system_primary_light	@android:color/system_primary_dark
systemui	com.android.systemui	coui_color_primary_on_popup_blue	@android:color/system_primary_light	@android:color/system_primary_dark
systemui	com.android.systemui	coui_color_primary_text_blue	@android:color/system_primary_light	@android:color/system_primary_dark
systemui	com.android.systemui	coui_color_tips	@android:color/system_primary_light	@android:color/system_primary_dark
wirelesssettings	com.oplus.wirelesssettings	coui_color_additional_blue	@android:color/system_primary_light	@android:color/system_primary_dark
wirelesssettings	com.oplus.wirelesssettings	coui_color_blue	@android:color/system_primary_light	@android:color/system_primary_dark
wirelesssettings	com.oplus.wirelesssettings	coui_color_container_theme_blue	@android:color/system_primary_light	@android:color/system_primary_dark
wirelesssettings	com.oplus.wirelesssettings	coui_color_label_theme_blue	@android:color/system_primary_light	@android:color/system_primary_dark
wirelesssettings	com.oplus.wirelesssettings	coui_color_primary_blue	@android:color/system_primary_light	@android:color/system_primary_dark
wirelesssettings	com.oplus.wirelesssettings	coui_color_primary_on_popup_blue	@android:color/system_primary_light	@android:color/system_primary_dark
wirelesssettings	com.oplus.wirelesssettings	coui_color_primary_text_blue	@android:color/system_primary_light	@android:color/system_primary_dark
wirelesssettings	com.oplus.wirelesssettings	coui_color_tips	@android:color/system_primary_light	@android:color/system_primary_dark
