# key	target_package	type	name	default	night	format
battery	com.oplus.battery	color	coui_color_background_top	#ffffffff	#ff333333	
battery	com.oplus.battery	color	coui_color_background_with_card	#fff0f1f2	#ffffffff	
battery	com.oplus.battery	color	coui_color_card_background	#ffffffff	#1affffff	
battery	com.oplus.battery	color	coui_color_label_primary	#e6000000	#e6ffffff	
battery	com.oplus.battery	color	coui_color_press	#1f000000	#33ffffff	
battery	com.oplus.battery	color	coui_color_secondary_neutral	#8a000000	#8affffff	
battery	com.oplus.battery	color	coui_color_surface_top	#ffffffff	#ff333333	
clock	com.coloros.alarmclock	color	coui_color_background_elevatedWithCard	#fff0f1f2	#ff1e1e1e	
clock	com.coloros.alarmclock	color	coui_color_background_top	#ffffffff	#ff333333	
clock	com.coloros.alarmclock	color	coui_color_background_with_card	#fff0f1f2	#ffffffff	
clock	com.coloros.alarmclock	color	coui_color_card	#ffffffff	#1affffff	
clock	com.coloros.alarmclock	color	coui_color_card_background	#ffffffff	#1affffff	
clock	com.coloros.alarmclock	color	coui_color_label_primary	#e6000000	#e6ffffff	
clock	com.coloros.alarmclock	color	coui_color_press	#1f000000	#33ffffff	
clock	com.coloros.alarmclock	color	coui_color_secondary_neutral	#8a000000	#8affffff	
clock	com.coloros.alarmclock	color	coui_color_surface_top	#ffffffff	#ff333333	
contacts	com.android.contacts	color	coui_color_background	#ffffffff		
contacts	com.android.contacts	color	coui_color_background_top	#ffffffff	#ff333333	
contacts	com.android.contacts	color	coui_color_background_with_card	#fff0f1f2	#ffffffff	
contacts	com.android.contacts	color	coui_color_card	#ffffffff	#1affffff	
contacts	com.android.contacts	color	coui_color_card_background	#ffffffff	#1affffff	
contacts	com.android.contacts	color	coui_color_label_primary	#e6000000	#e6ffffff	
contacts	com.android.contacts	color	coui_color_press	#1f000000	#33ffffff	
contacts	com.android.contacts	color	coui_color_secondary_neutral	#8a000000	#8affffff	
contacts	com.android.contacts	color	coui_color_surface_top	#ffffffff	#ff333333	
eyeprotect	com.oplus.eyeprotect	color	coui_color_background_top	#ffffffff	#ff333333	
eyeprotect	com.oplus.eyeprotect	color	coui_color_background_with_card	#fff0f1f2	#ffffffff	
eyeprotect	com.oplus.eyeprotect	color	coui_color_card_background	#ffffffff	#1affffff	
eyeprotect	com.oplus.eyeprotect	color	coui_color_label_primary	#e6000000	#e6ffffff	
eyeprotect	com.oplus.eyeprotect	color	coui_color_press	#1f000000	#33ffffff	
eyeprotect	com.oplus.eyeprotect	color	coui_color_secondary_neutral	#8a000000	#8affffff	
eyeprotect	com.oplus.eyeprotect	color	coui_color_surface_top	#ffffffff	#ff333333	
launcher	com.android.launcher	color	coui_color_background_top	#ffffffff	#ff333333	
launcher	com.android.launcher	color	coui_color_background_with_card	#fff0f1f2	#ffffffff	
launcher	com.android.launcher	color	coui_color_card_background	#ffffffff	#1affffff	
launcher	com.android.launcher	color	coui_color_label_primary	#ff000000	#ffffffff	
launcher	com.android.launcher	color	coui_color_press	#1f000000	#33ffffff	
launcher	com.android.launcher	color	coui_color_primary_neutral	#e6000000	#e6ffffff	
launcher	com.android.launcher	color	coui_color_secondary_neutral	#8a000000	#8affffff	
launcher	com.android.launcher	color	coui_color_surface_top	#ffffffff	#ff333333	
linker	com.oplus.linker	color	coui_color_background_top	#ffffffff	#ff333333	
linker	com.oplus.linker	color	coui_color_background_with_card	#fff0f1f2	#ffffffff	
linker	com.oplus.linker	color	coui_color_card	#ffffffff	#1affffff	
linker	com.oplus.linker	color	coui_color_card_background	#ffffffff	#1affffff	
linker	com.oplus.linker	color	coui_color_label_primary	#e6000000	#e6ffffff	
linker	com.oplus.linker	color	coui_color_press	#1f000000	#33ffffff	
linker	com.oplus.linker	color	coui_color_secondary_neutral	#8c000000	#8cffffff	
linker	com.oplus.linker	color	coui_color_surface_top	#ffffffff	#ff333333	
notificationmanager	com.oplus.notificationmanager	color	coui_color_background_top	#ffffffff	#ff333333	
notificationmanager	com.oplus.notificationmanager	color	coui_color_background_with_card	#fff0f1f2	#ffffffff	
notificationmanager	com.oplus.notificationmanager	color	coui_color_card_background	#ffffffff	#1affffff	
notificationmanager	com.oplus.notificationmanager	color	coui_color_label_primary	#e6000000	#e6ffffff	
notificationmanager	com.oplus.notificationmanager	color	coui_color_press	#1f000000	#33ffffff	
notificationmanager	com.oplus.notificationmanager	color	coui_color_secondary_neutral	#8a000000	#8affffff	
notificationmanager	com.oplus.notificationmanager	color	coui_color_surface_top	#ffffffff	#ff333333	
permission	com.oplus.securitypermission	color	coui_color_background_top	#ffffffff	#ff333333	
permission	com.oplus.securitypermission	color	coui_color_background_with_card	#fff0f1f2	#ffffffff	
permission	com.oplus.securitypermission	color	coui_color_card_background	#ffffffff	#1affffff	
permission	com.oplus.securitypermission	color	coui_color_label_primary	#e6000000	#e6ffffff	
permission	com.oplus.securitypermission	color	coui_color_press	#1f000000	#33ffffff	
permission	com.oplus.securitypermission	color	coui_color_secondary_neutral	#8a000000	#8affffff	
permission	com.oplus.securitypermission	color	coui_color_surface_top	#ffffffff	#ff333333	
phone	com.android.phone	color	coui_color_background_top	#ffffffff	#ff333333	
phone	com.android.phone	color	coui_color_background_with_card	#fff0f1f2	#ffffffff	
phone	com.android.phone	color	coui_color_card	#ffffffff	#1affffff	
phone	com.android.phone	color	coui_color_card_background	#ffffffff	#1affffff	
phone	com.android.phone	color	coui_color_label_primary	#e6000000	#e6ffffff	
phone	com.android.phone	color	coui_color_press	#1f000000	#33ffffff	
phone	com.android.phone	color	coui_color_secondary_neutral	#8a000000	#8affffff	
phone	com.android.phone	color	coui_color_surface_top	#ffffffff	#ff333333	
phonemanager	com.coloros.phonemanager	color	coui_color_background_top	#ffffffff	#ff333333	
phonemanager	com.coloros.phonemanager	color	coui_color_background_with_card	#fff0f1f2	#ffffffff	
phonemanager	com.coloros.phonemanager	color	coui_color_card_background	#ffffffff	#1affffff	
phonemanager	com.coloros.phonemanager	color	coui_color_label_primary	#e6000000	#e6ffffff	
phonemanager	com.coloros.phonemanager	color	coui_color_press	#1f000000	#33ffffff	
phonemanager	com.coloros.phonemanager	color	coui_color_secondary_neutral	#8a000000	#8affffff	
phonemanager	com.coloros.phonemanager	color	coui_color_surface_top	#ffffffff	#ff333333	
pscanvas	com.oplus.pscanvas	color	coui_color_label_primary	#e6000000	#e6ffffff	
pscanvas	com.oplus.pscanvas	color	coui_color_press	#1f000000	#33ffffff	
pscanvas	com.oplus.pscanvas	color	coui_color_secondary_neutral	#8a000000	#8affffff	
pscanvas	com.oplus.pscanvas	color	coui_color_surface_top	#ffffffff	#ff333333	
settings	com.android.settings	color	coui_color_background_elevatedWithCard	#fff0f1f2	#ff1e1e1e	
settings	com.android.settings	color	coui_color_background_top	#ffffffff	#ff333333	
settings	com.android.settings	color	coui_color_background_with_card	#fff0f1f2	#ffffffff	
settings	com.android.settings	color	coui_color_card	#ffffffff	#1affffff	
settings	com.android.settings	color	coui_color_card_background	#ffffffff	#1affffff	
settings	com.android.settings	color	coui_color_card_pressed	#ffe6e6e6	#33ffffff	
settings	com.android.settings	color	coui_color_label_primary	#e6000000	#e6ffffff	
settings	com.android.settings	color	coui_color_press	#1f000000	#33ffffff	
settings	com.android.settings	color	coui_color_primary_neutral	#e6000000	#e6ffffff	
settings	com.android.settings	color	coui_color_secondary_neutral	#8a000000	#8affffff	
settings	com.android.settings	color	coui_color_surface_top	#ffffffff	#ff333333	
settings	com.android.settings	color	coui_color_surface_with_card	#fff0f1f2	#ff1e1e1e	
systemui	com.android.systemui	color	clear_all_bg_color	#ffffffff	#ff4d4d4d	
systemui	com.android.systemui	color	clear_all_shadow_color	#9a000000	#cc000000	
systemui	com.android.systemui	color	coui_color_label_primary	#e6000000	#e6ffffff	
systemui	com.android.systemui	color	coui_color_label_secondary	#8a000000	#8affffff	
systemui	com.android.systemui	color	coui_color_press	#1f000000	#33ffffff	
systemui	com.android.systemui	color	coui_color_primary_neutral	#e6000000	#e6ffffff	
systemui	com.android.systemui	color	coui_color_secondary_neutral	#8a000000	#8affffff	
systemui	com.android.systemui	color	coui_color_surface	#ffffffff	#ff1e1e1e	
systemui	com.android.systemui	color	coui_color_surface_top	#ffffffff	#ff333333	
systemui	com.android.systemui	color	notification_icon_filter	#ff707173	#ffdddddd	
systemui	com.android.systemui	color	oplus_biometric_dialog_panel_bg_color	#ffffffff	#ff1e1e1e	
systemui	com.android.systemui	color	oplus_volume_app_adjust_dialog_background_light	#ffffffff		
systemui	com.android.systemui	color	oplus_volume_bar_progress_background	#ffffffff		
systemui	com.android.systemui	color	oplus_volume_coui_background	#33000000		
systemui	com.android.systemui	color	oplus_volume_panel_background	#64888888		
systemui	com.android.systemui	color	oplus_volume_plane_text_color	#ffffffff		
systemui	com.android.systemui	color	qs_hl_tile_indicator_active_bg_color	#1affffff		
wirelesssettings	com.oplus.wirelesssettings	color	coui_color_background_top	#ffffffff	#ff333333	
wirelesssettings	com.oplus.wirelesssettings	color	coui_color_background_with_card	#fff0f1f2	#ffffffff	
wirelesssettings	com.oplus.wirelesssettings	color	coui_color_card_background	#ffffffff	#1affffff	
wirelesssettings	com.oplus.wirelesssettings	color	coui_color_label_primary	#e6000000	#e6ffffff	
wirelesssettings	com.oplus.wirelesssettings	color	coui_color_press	#1f000000	#33ffffff	
wirelesssettings	com.oplus.wirelesssettings	color	coui_color_secondary_neutral	#8a000000	#8affffff	
wirelesssettings	com.oplus.wirelesssettings	color	coui_color_surface_top	#ffffffff	#ff333333	
