key	current_icon	primary_owner	primary_action	secondary_source	secondary_candidate	material_symbol_fallback	confidence	release_gate	notes
usercenter_preference	drawable/settings_usercenter_default_profile_ic	OPLUS_PREFERENCE_GLYPH_AND_TINT	KEEP_CURRENT_GLYPH			account_circle	HIGH	NATIVE_GATE_FIRST;NO_SECONDARY_REPLACEMENT	OPlus current glyph/tint remains final owner unless future consumer evidence changes
top_level_app_updater	drawable/settings_app_updater_ic	OPLUS_PREFERENCE_GLYPH_AND_TINT	KEEP_CURRENT_GLYPH			system_update_alt	HIGH	NATIVE_GATE_FIRST;NO_SECONDARY_REPLACEMENT	OPlus current glyph/tint remains final owner unless future consumer evidence changes
airplane_mode	drawable/settings_airplane_mode_ic	OPLUS_PREFERENCE_GLYPH_AND_TINT	KEEP_CURRENT_GLYPH	MATERIAL_SYMBOL	flight	flight	HIGH	NATIVE_GATE_FIRST;POST_GATE_VISUAL_REVIEW_ONLY	Secondary glyph candidate preserved from reviewed source map; do not apply before native Settings Expressive A/B result
wifi_settings	drawable/settings_wifi_ic	OPLUS_PREFERENCE_GLYPH_AND_TINT	KEEP_CURRENT_GLYPH	MATERIAL_SYMBOL	wifi	wifi	HIGH	NATIVE_GATE_FIRST;POST_GATE_VISUAL_REVIEW_ONLY	Secondary glyph candidate preserved from reviewed source map; do not apply before native Settings Expressive A/B result
bluetooth_settings	drawable/settings_bluetooh_ic	OPLUS_PREFERENCE_GLYPH_AND_TINT	KEEP_CURRENT_GLYPH	MATERIAL_SYMBOL	settings_bluetooth	settings_bluetooth	HIGH	NATIVE_GATE_FIRST;POST_GATE_VISUAL_REVIEW_ONLY	Secondary glyph candidate preserved from reviewed source map; do not apply before native Settings Expressive A/B result
network_settings	drawable/settings_mobile_network_ic	OPLUS_PREFERENCE_GLYPH_AND_TINT	KEEP_CURRENT_GLYPH			signal_cellular_alt	HIGH	NATIVE_GATE_FIRST;NO_SECONDARY_REPLACEMENT	OPlus current glyph/tint remains final owner unless future consumer evidence changes
satellite_network	drawable/settings_satellite_network_ic	OPLUS_PREFERENCE_GLYPH_AND_TINT	KEEP_CURRENT_GLYPH			satellite_alt	HIGH	NATIVE_GATE_FIRST;NO_SECONDARY_REPLACEMENT	OPlus current glyph/tint remains final owner unless future consumer evidence changes
more_about_network	drawable/settings_more_settings_ic	OPLUS_PREFERENCE_GLYPH_AND_TINT	KEEP_CURRENT_GLYPH			hub	MEDIUM	NATIVE_GATE_FIRST;NO_SECONDARY_REPLACEMENT	OPlus current glyph/tint remains final owner unless future consumer evidence changes
large_screen_feature	drawable/settings_large_screen_ic	OPLUS_PREFERENCE_GLYPH_AND_TINT	KEEP_CURRENT_GLYPH			devices	MEDIUM	NATIVE_GATE_FIRST;NO_SECONDARY_REPLACEMENT	OPlus current glyph/tint remains final owner unless future consumer evidence changes
flip_screen_feature_top_pref	drawable/ic_flip_screen_feature	OPLUS_PREFERENCE_GLYPH_AND_TINT	KEEP_CURRENT_GLYPH			screen_rotation	LOW	NATIVE_GATE_FIRST;NO_SECONDARY_REPLACEMENT	OPlus current glyph/tint remains final owner unless future consumer evidence changes
personalized_customization_entrance	drawable/settings_personalise_ic	OPLUS_PREFERENCE_GLYPH_AND_TINT	KEEP_CURRENT_GLYPH			palette	HIGH	NATIVE_GATE_FIRST;NO_SECONDARY_REPLACEMENT	OPlus current glyph/tint remains final owner unless future consumer evidence changes
wallpaper	drawable/settings_wallpaper_ic	OPLUS_PREFERENCE_GLYPH_AND_TINT	KEEP_CURRENT_GLYPH	NATIVE_EXPRESSIVE	ic_settings_wallpaper_expressive	wallpaper	HIGH	NATIVE_GATE_FIRST;POST_GATE_VISUAL_REVIEW_ONLY	Secondary glyph candidate preserved from reviewed source map; do not apply before native Settings Expressive A/B result
display_and_brightness	drawable/settings_brightness_ic	OPLUS_PREFERENCE_GLYPH_AND_TINT	KEEP_CURRENT_GLYPH	NATIVE_EXPRESSIVE	ic_settings_display_expressive	display_settings	HIGH	NATIVE_GATE_FIRST;POST_GATE_VISUAL_REVIEW_ONLY	Secondary glyph candidate preserved from reviewed source map; do not apply before native Settings Expressive A/B result
sound_and_vibrator	drawable/settings_sound_settings_ic	OPLUS_PREFERENCE_GLYPH_AND_TINT	KEEP_CURRENT_GLYPH	NATIVE_EXPRESSIVE	ic_volume_up_expressive	volume_up	HIGH	NATIVE_GATE_FIRST;POST_GATE_VISUAL_REVIEW_ONLY	Secondary glyph candidate preserved from reviewed source map; do not apply before native Settings Expressive A/B result
notification_and_statusbar	drawable/settings_notify_center_ic	OPLUS_PREFERENCE_GLYPH_AND_TINT	KEEP_CURRENT_GLYPH	NATIVE_EXPRESSIVE	ic_notifications_expressive	notifications	HIGH	NATIVE_GATE_FIRST;POST_GATE_VISUAL_REVIEW_ONLY	Secondary glyph candidate preserved from reviewed source map; do not apply before native Settings Expressive A/B result
breathing_light_multi_led	drawable/breathing_light_multi_led_ic	OPLUS_PREFERENCE_GLYPH_AND_TINT	KEEP_CURRENT_GLYPH			lightbulb	MEDIUM	NATIVE_GATE_FIRST;NO_SECONDARY_REPLACEMENT	OPlus current glyph/tint remains final owner unless future consumer evidence changes
screen_lock	drawable/settings_lock_ic	OPLUS_PREFERENCE_GLYPH_AND_TINT	KEEP_CURRENT_GLYPH	MATERIAL_SYMBOL	lock	lock	HIGH	NATIVE_GATE_FIRST;POST_GATE_VISUAL_REVIEW_ONLY	Secondary glyph candidate preserved from reviewed source map; do not apply before native Settings Expressive A/B result
top_level_privacy	drawable/settings_privacy_exp_ic	OPLUS_PREFERENCE_GLYPH_AND_TINT	KEEP_CURRENT_GLYPH	NATIVE_EXPRESSIVE	ic_settings_privacy_expressive	privacy_tip	HIGH	NATIVE_GATE_FIRST;POST_GATE_VISUAL_REVIEW_ONLY	Secondary glyph candidate preserved from reviewed source map; do not apply before native Settings Expressive A/B result
top_level_safety_center	drawable/settings_safety_center_ic	OPLUS_PREFERENCE_GLYPH_AND_TINT	KEEP_CURRENT_GLYPH	NATIVE_EXPRESSIVE	ic_settings_safety_center_expressive	health_and_safety	HIGH	NATIVE_GATE_FIRST;POST_GATE_VISUAL_REVIEW_ONLY	Secondary glyph candidate preserved from reviewed source map; do not apply before native Settings Expressive A/B result
key_sos	drawable/settings_sos_ic	OPLUS_PREFERENCE_GLYPH_AND_TINT	KEEP_CURRENT_GLYPH			emergency	HIGH	NATIVE_GATE_FIRST;NO_SECONDARY_REPLACEMENT	OPlus current glyph/tint remains final owner unless future consumer evidence changes
top_level_location	drawable/settings_position_exp_ic	OPLUS_PREFERENCE_GLYPH_AND_TINT	KEEP_CURRENT_GLYPH	NATIVE_EXPRESSIVE	ic_settings_location_expressive	location_on	HIGH	NATIVE_GATE_FIRST;POST_GATE_VISUAL_REVIEW_ONLY	Secondary glyph candidate preserved from reviewed source map; do not apply before native Settings Expressive A/B result
snap_card_pack	drawable/settings_wallet_payment_ic	OPLUS_PREFERENCE_GLYPH_AND_TINT	KEEP_CURRENT_GLYPH			wallet	MEDIUM	NATIVE_GATE_FIRST;NO_SECONDARY_REPLACEMENT	OPlus current glyph/tint remains final owner unless future consumer evidence changes
digital_health_and_family_defend	drawable/settings_digital_health_and_family_defend_ic	OPLUS_PREFERENCE_GLYPH_AND_TINT	KEEP_CURRENT_GLYPH			family_restroom	MEDIUM	NATIVE_GATE_FIRST;NO_SECONDARY_REPLACEMENT	OPlus current glyph/tint remains final owner unless future consumer evidence changes
digital_wellbeing_and_parent_controls	drawable/settings_health_data_exp_ic	OPLUS_PREFERENCE_GLYPH_AND_TINT	KEEP_CURRENT_GLYPH			digital_wellbeing	HIGH	NATIVE_GATE_FIRST;NO_SECONDARY_REPLACEMENT	OPlus current glyph/tint remains final owner unless future consumer evidence changes
application_manager	drawable/settings_application_manage_ic	OPLUS_PREFERENCE_GLYPH_AND_TINT	KEEP_CURRENT_GLYPH	NATIVE_EXPRESSIVE	ic_apps_expressive	apps	HIGH	NATIVE_GATE_FIRST;POST_GATE_VISUAL_REVIEW_ONLY	Secondary glyph candidate preserved from reviewed source map; do not apply before native Settings Expressive A/B result
battery_settings	drawable/settings_power_manage_ic	OPLUS_PREFERENCE_GLYPH_AND_TINT	KEEP_CURRENT_GLYPH	NATIVE_EXPRESSIVE	ic_settings_battery_expressive	battery_full	HIGH	NATIVE_GATE_FIRST;POST_GATE_VISUAL_REVIEW_ONLY	Secondary glyph candidate preserved from reviewed source map; do not apply before native Settings Expressive A/B result
magic_cube_key	drawable/magic_cube_ic	OPLUS_PREFERENCE_GLYPH_AND_TINT	KEEP_CURRENT_GLYPH			widgets	LOW	NATIVE_GATE_FIRST;NO_SECONDARY_REPLACEMENT	OPlus current glyph/tint remains final owner unless future consumer evidence changes
msic_fan	drawable/settings_misc_fan_ic	OPLUS_PREFERENCE_GLYPH_AND_TINT	KEEP_CURRENT_GLYPH			mode_fan	HIGH	NATIVE_GATE_FIRST;NO_SECONDARY_REPLACEMENT	OPlus current glyph/tint remains final owner unless future consumer evidence changes
msic_fan_and_atmosphere	drawable/settings_misc_fan_ic	OPLUS_PREFERENCE_GLYPH_AND_TINT	KEEP_CURRENT_GLYPH			mode_fan	MEDIUM	NATIVE_GATE_FIRST;NO_SECONDARY_REPLACEMENT	OPlus current glyph/tint remains final owner unless future consumer evidence changes
dm_atmosphere_light	drawable/dm_atmosphere_light_ic	OPLUS_PREFERENCE_GLYPH_AND_TINT	KEEP_CURRENT_GLYPH			light_mode	MEDIUM	NATIVE_GATE_FIRST;NO_SECONDARY_REPLACEMENT	OPlus current glyph/tint remains final owner unless future consumer evidence changes
special_function	drawable/settings_special_function_ic	OPLUS_PREFERENCE_GLYPH_AND_TINT	KEEP_CURRENT_GLYPH			auto_awesome	LOW	NATIVE_GATE_FIRST;NO_SECONDARY_REPLACEMENT	OPlus current glyph/tint remains final owner unless future consumer evidence changes
personal_assist	drawable/settings_system_breeno_ic	OPLUS_PREFERENCE_GLYPH_AND_TINT	KEEP_CURRENT_GLYPH			assistant	HIGH	NATIVE_GATE_FIRST;NO_SECONDARY_REPLACEMENT	OPlus current glyph/tint remains final owner unless future consumer evidence changes
game_settings	drawable/settings_home_game_ic	OPLUS_PREFERENCE_GLYPH_AND_TINT	KEEP_CURRENT_GLYPH			sports_esports	HIGH	NATIVE_GATE_FIRST;NO_SECONDARY_REPLACEMENT	OPlus current glyph/tint remains final owner unless future consumer evidence changes
oplus_cloud_service	drawable/settings_cloud_service_ic	OPLUS_PREFERENCE_GLYPH_AND_TINT	KEEP_CURRENT_GLYPH			cloud	HIGH	NATIVE_GATE_FIRST;NO_SECONDARY_REPLACEMENT	OPlus current glyph/tint remains final owner unless future consumer evidence changes
wallet_and_payment	drawable/settings_wallet_payment_ic	OPLUS_PREFERENCE_GLYPH_AND_TINT	KEEP_CURRENT_GLYPH			wallet	HIGH	NATIVE_GATE_FIRST;NO_SECONDARY_REPLACEMENT	OPlus current glyph/tint remains final owner unless future consumer evidence changes
system_settings	drawable/settings_general_system_ic	OPLUS_PREFERENCE_GLYPH_AND_TINT	KEEP_CURRENT_GLYPH	NATIVE_EXPRESSIVE	ic_settings_system_dashboard_expressive	settings	HIGH	NATIVE_GATE_FIRST;POST_GATE_VISUAL_REVIEW_ONLY	Secondary glyph candidate preserved from reviewed source map; do not apply before native Settings Expressive A/B result
about_phone	drawable/settings_about_device_ic	OPLUS_PREFERENCE_GLYPH_AND_TINT	KEEP_CURRENT_GLYPH	NATIVE_EXPRESSIVE	ic_settings_about_device_expressive	info	HIGH	NATIVE_GATE_FIRST;POST_GATE_VISUAL_REVIEW_ONLY	Secondary glyph candidate preserved from reviewed source map; do not apply before native Settings Expressive A/B result
account_settings	drawable/settings_accounts_sync_ic	OPLUS_PREFERENCE_GLYPH_AND_TINT	KEEP_CURRENT_GLYPH	MATERIAL_SYMBOL	manage_accounts	manage_accounts	MEDIUM	NATIVE_GATE_FIRST;POST_GATE_VISUAL_REVIEW_ONLY	Secondary glyph candidate preserved from reviewed source map; do not apply before native Settings Expressive A/B result
google_settings_exp	drawable/settings_google_settings_exp_ic	OPLUS_PREFERENCE_GLYPH_AND_TINT	KEEP_CURRENT_GLYPH				HIGH	NATIVE_GATE_FIRST;NO_SECONDARY_REPLACEMENT	OPlus current glyph/tint remains final owner unless future consumer evidence changes
legal_information	drawable/settings_law_exp_ic	OPLUS_PREFERENCE_GLYPH_AND_TINT	KEEP_CURRENT_GLYPH	MATERIAL_SYMBOL	gavel	gavel	HIGH	NATIVE_GATE_FIRST;POST_GATE_VISUAL_REVIEW_ONLY	Secondary glyph candidate preserved from reviewed source map; do not apply before native Settings Expressive A/B result
laboratory_key	drawable/settings_laboratory_ic	OPLUS_PREFERENCE_GLYPH_AND_TINT	KEEP_CURRENT_GLYPH			science	MEDIUM	NATIVE_GATE_FIRST;NO_SECONDARY_REPLACEMENT	OPlus current glyph/tint remains final owner unless future consumer evidence changes
top_level_support	drawable/ic_support_tips	OPLUS_PREFERENCE_GLYPH_AND_TINT	KEEP_CURRENT_GLYPH	NATIVE_EXPRESSIVE	ic_help_expressive	support_agent	HIGH	NATIVE_GATE_FIRST;POST_GATE_VISUAL_REVIEW_ONLY	Secondary glyph candidate preserved from reviewed source map; do not apply before native Settings Expressive A/B result
