key	parent_key	preference_class	current_icon	controller	native_tint_type	showTwoToneColor	action	candidate	confidence	notes
usercenter_preference	user_center_category	com.oplus.settings.feature.homepage.user.UserCenterPreference	drawable/settings_usercenter_default_profile_ic	com.oplus.settings.feature.homepage.user.UserPreferenceController			KEEP_NATIVE		HIGH	OEM account/profile surface
top_level_app_updater	user_center_category	com.oplus.settings.widget.preference.SettingsRedDotPreference	drawable/settings_app_updater_ic		integer/tint_icon_green	true	KEEP_NATIVE		HIGH	ColorOS updater semantic
airplane_mode	connect_settings_category	com.oplus.settings.widget.preference.SettingsAirPlaneSwitchPreference	drawable/settings_airplane_mode_ic	com.oplus.settings.feature.homepage.controller.AirplanePreferenceController	integer/tint_icon_yellow	true	MATERIAL_SYMBOL_CANDIDATE	flight	HIGH	Generic system semantic; pinned Material Symbols contains flight
wifi_settings	connect_settings_category	com.oplus.settings.widget.preference.SettingsSimpleJumpPreference	drawable/settings_wifi_ic	com.oplus.settings.feature.homepage.controller.WifiPreferenceController	integer/tint_icon_blue	true	MATERIAL_SYMBOL_CANDIDATE	wifi	HIGH	Generic Wi-Fi semantic; native OPlus preference tint remains owner
bluetooth_settings	connect_settings_category	com.oplus.settings.widget.preference.SettingsSimpleJumpPreference	drawable/settings_bluetooh_ic	com.oplus.settings.feature.homepage.controller.BluetoothPreferenceController	integer/tint_icon_blue	true	MATERIAL_SYMBOL_CANDIDATE	settings_bluetooth	HIGH	Generic Bluetooth settings semantic
network_settings	connect_settings_category	com.oplus.settings.widget.preference.SettingsSimpleJumpPreference	drawable/settings_mobile_network_ic	com.oplus.settings.feature.homepage.controller.NetworkPreferenceController	integer/tint_icon_green	true	KEEP_NATIVE		HIGH	Carrier/mobile-network semantics are vendor-integrated
satellite_network	connect_settings_category	com.oplus.settings.widget.preference.SettingsSimpleJumpPreference	drawable/settings_satellite_network_ic	com.oplus.settings.feature.homepage.controller.SatelliteNetworkPreferenceController	integer/tint_icon_yellow	true	KEEP_NATIVE		HIGH	OEM satellite feature; do not approximate with generic glyph
more_about_network	connect_settings_category	com.oplus.settings.widget.preference.SettingsCornerMarkPreference	drawable/settings_more_settings_ic		integer/tint_icon_green	true	KEEP_NATIVE		HIGH	ColorOS aggregate network entry
large_screen_feature	system_settings_category	com.oplus.settings.widget.preference.SettingsSimpleJumpPreference	drawable/settings_large_screen_ic		integer/tint_icon_blue	true	KEEP_NATIVE		HIGH	OEM large-screen feature
flip_screen_feature_top_pref	system_settings_category	com.oplus.settings.widget.preference.SettingsSimpleJumpPreference	drawable/ic_flip_screen_feature		integer/tint_icon_blue	true	KEEP_NATIVE		HIGH	OEM hardware/form-factor feature
personalized_customization_entrance	system_settings_category	com.oplus.settings.widget.preference.SettingsCornerMarkPreference	drawable/settings_personalise_ic		integer/tint_icon_orange	true	KEEP_NATIVE		HIGH	ColorOS personalization surface
wallpaper	system_settings_category	com.oplus.settings.widget.preference.SettingsCornerMarkPreference	drawable/settings_wallpaper_ic	com.oplus.settings.feature.homepage.TopLevelWrapperPreferenceController	integer/tint_icon_orange	true	NATIVE_EXPRESSIVE	ic_settings_wallpaper_expressive	HIGH	Exact Android 17/ColorOS Expressive resource already present
display_and_brightness	system_settings_category	com.oplus.settings.widget.preference.SettingsSimpleJumpPreference	drawable/settings_brightness_ic	com.oplus.settings.feature.homepage.TopLevelDisplayPreferenceController	integer/tint_icon_yellow	true	NATIVE_EXPRESSIVE	ic_settings_display_expressive	HIGH	Exact Android 17/ColorOS Expressive resource already present
sound_and_vibrator	system_settings_category	com.oplus.settings.widget.preference.SettingsCornerMarkPreference	drawable/settings_sound_settings_ic	com.oplus.settings.feature.homepage.TopLevelSoundPreferenceController	integer/tint_icon_green	true	NATIVE_EXPRESSIVE	ic_volume_up_expressive	HIGH	Exact Android 17/ColorOS Expressive resource already present
notification_and_statusbar	system_settings_category	com.oplus.settings.widget.preference.SettingsCornerMarkPreference	drawable/settings_notify_center_ic		integer/tint_icon_blue	true	NATIVE_EXPRESSIVE	ic_notifications_expressive	HIGH	Exact Android 17/ColorOS Expressive resource already present
breathing_light_multi_led	system_settings_category	com.oplus.settings.widget.preference.SettingsSimpleJumpPreference	drawable/breathing_light_multi_led_ic		integer/tint_icon_blue	true	KEEP_NATIVE		HIGH	OnePlus/OPlus hardware-light feature
screen_lock	security_settings_category	com.oplus.settings.widget.preference.SettingsSimpleJumpPreference	drawable/settings_lock_ic		integer/tint_icon_blue	true	MATERIAL_SYMBOL_CANDIDATE	lock	HIGH	Generic lock semantic
top_level_privacy	security_settings_category	com.oplus.settings.widget.preference.SettingsCornerMarkPreference	drawable/settings_privacy_exp_ic	com.oplus.settings.feature.homepage.controller.TopLevelPrivacyPreferenceController	integer/tint_icon_blue	true	NATIVE_EXPRESSIVE	ic_settings_privacy_expressive	HIGH	Exact Android 17/ColorOS Expressive resource already present
top_level_safety_center	security_settings_category	com.oplus.settings.widget.preference.SettingsSimpleJumpPreference	drawable/settings_safety_center_ic	com.oplus.settings.feature.safetycenter.TopLevelSafetyCenterPreferenceController	integer/tint_icon_blue	true	NATIVE_EXPRESSIVE	ic_settings_safety_center_expressive	HIGH	Exact Android 17/ColorOS Expressive resource already present
key_sos	security_settings_category	com.oplus.settings.widget.preference.RestrictedJumpPreference	drawable/settings_sos_ic		integer/tint_icon_red	true	KEEP_NATIVE		HIGH	OEM emergency/SOS entry
top_level_location	security_settings_category	com.oplus.settings.widget.preference.SettingsSimpleJumpPreference	drawable/settings_position_exp_ic	com.oplus.settings.feature.homepage.TopLevelLocationPreferenceController	integer/tint_icon_yellow	true	NATIVE_EXPRESSIVE	ic_settings_location_expressive	HIGH	Exact Android 17/ColorOS Expressive resource already present
snap_card_pack	security_settings_category	com.oplus.settings.widget.preference.SettingsCornerMarkPreference	drawable/settings_wallet_payment_ic		integer/tint_icon_blue	true	KEEP_NATIVE		HIGH	OEM wallet/card integration
digital_health_and_family_defend	security_settings_category	com.oplus.settings.widget.preference.SettingsCornerMarkPreference	drawable/settings_digital_health_and_family_defend_ic	com.oplus.settings.feature.homepage.FamilyDefendPreferenceController	integer/tint_icon_green	true	KEEP_NATIVE		HIGH	OEM family-defense feature
digital_wellbeing_and_parent_controls	security_settings_category	com.oplus.settings.widget.preference.SettingsCornerMarkPreference	drawable/settings_health_data_exp_ic	com.oplus.settings.feature.homepage.TopLevelDigitalWellbeingPreferenceController	integer/tint_icon_green	true	KEEP_NATIVE		HIGH	ColorOS-specific entry presentation
application_manager	base_settings_category	com.oplus.settings.widget.preference.SettingsCornerMarkPreference	drawable/settings_application_manage_ic		integer/tint_icon_green	true	NATIVE_EXPRESSIVE	ic_apps_expressive	HIGH	Exact generic apps Expressive resource already present
battery_settings	base_settings_category	com.oplus.settings.widget.preference.SettingsCornerMarkPreference	drawable/settings_power_manage_ic	com.oplus.settings.feature.homepage.TopLevelBatteryPreferenceController	integer/tint_icon_green	true	NATIVE_EXPRESSIVE	ic_settings_battery_expressive	HIGH	Exact Android 17/ColorOS Expressive resource already present
magic_cube_key	base_settings_category	com.oplus.settings.widget.preference.SettingsCornerMarkPreference	drawable/magic_cube_ic		integer/tint_icon_blue	true	KEEP_NATIVE		HIGH	OEM hardware feature
msic_fan	base_settings_category	com.oplus.settings.widget.preference.SettingsCornerMarkPreference	drawable/settings_misc_fan_ic	com.oplus.settings.feature.homepage.MiscFanPreferenceController	integer/tint_icon_blue	true	KEEP_NATIVE		HIGH	OEM hardware feature
msic_fan_and_atmosphere	base_settings_category	com.oplus.settings.widget.preference.SettingsCornerMarkPreference	drawable/settings_misc_fan_ic	com.oplus.settings.feature.homepage.MiscFanAndAtmospherePreferenceController	integer/tint_icon_blue	true	KEEP_NATIVE		HIGH	OEM hardware feature
dm_atmosphere_light	base_settings_category	com.oplus.settings.widget.preference.SettingsCornerMarkPreference	drawable/dm_atmosphere_light_ic	com.oplus.settings.feature.homepage.DmAtmosphereLightPreferenceController	integer/tint_icon_blue	true	KEEP_NATIVE		HIGH	OEM atmosphere-light feature
special_function	base_settings_category	com.oplus.settings.widget.preference.SettingsSimpleJumpPreference	drawable/settings_special_function_ic	com.oplus.settings.feature.homepage.SpecialFeaturePreferenceController	integer/tint_icon_orange	true	KEEP_NATIVE		HIGH	ColorOS aggregate special-features entry
personal_assist	special_function_category	com.oplus.settings.widget.preference.SettingsCornerMarkPreference	drawable/settings_system_breeno_ic	com.oplus.settings.feature.homepage.TopLevelSmartServicePreferenceController	integer/tint_icon_green	true	KEEP_NATIVE		HIGH	OPlus/Breeno-specific
game_settings	special_function_category	com.oplus.settings.widget.preference.SettingsCornerMarkPreference	drawable/settings_home_game_ic	com.oplus.settings.feature.homepage.GamePreferenceController	integer/tint_icon_green	true	KEEP_NATIVE		HIGH	OPlus game feature
oplus_cloud_service	special_function_category	com.oplus.settings.widget.preference.SettingsCornerMarkPreference	drawable/settings_cloud_service_ic	com.oplus.settings.feature.homepage.TopLevelCloudServicePreferenceController	integer/tint_icon_blue	true	KEEP_NATIVE		HIGH	OPlus cloud service
wallet_and_payment	special_function_category	com.oplus.settings.widget.preference.SettingsCornerMarkPreference	drawable/settings_wallet_payment_ic		integer/tint_icon_blue	true	KEEP_NATIVE		HIGH	OEM wallet/payment
system_settings	system_and_accounts_settings_category	com.oplus.settings.widget.preference.SettingsCornerMarkPreference	drawable/settings_general_system_ic	com.oplus.settings.feature.homepage.TopLevelSystemUpdatePreferenceController	integer/tint_icon_green	true	NATIVE_EXPRESSIVE	ic_settings_system_dashboard_expressive	HIGH	Exact Android 17/ColorOS Expressive resource already present
about_phone	system_and_accounts_settings_category	com.oplus.settings.widget.preference.SettingsCornerMarkPreference	drawable/settings_about_device_ic	com.oplus.settings.feature.homepage.TopLevelAboutPhonePreferenceController	integer/tint_icon_green	true	NATIVE_EXPRESSIVE	ic_settings_about_device_expressive	HIGH	Exact Android 17/ColorOS Expressive resource already present
account_settings	system_and_accounts_settings_category	com.oplus.settings.widget.preference.SettingsSimpleJumpPreference	drawable/settings_accounts_sync_ic	com.oplus.settings.feature.homepage.TopLevelAccountAndSyncPreferenceController	integer/tint_icon_blue	true	MATERIAL_SYMBOL_CANDIDATE	manage_accounts	MEDIUM	Generic accounts semantic; exact ColorOS Expressive wrapper not proven
google_settings_exp	system_and_accounts_settings_category	com.oplus.settings.widget.preference.SettingsSimpleJumpPreference	drawable/settings_google_settings_exp_ic	com.oplus.settings.feature.homepage.controller.GooglePreferenceController	integer/tint_icon_blue	true	KEEP_NATIVE		HIGH	Google service identity should not be replaced by generic glyph
legal_information	system_and_accounts_settings_category	com.oplus.settings.widget.preference.SettingsSimpleJumpPreference	drawable/settings_law_exp_ic	com.oplus.settings.feature.homepage.TopLevelLegalInfoPreferenceController	integer/tint_icon_orange	true	MATERIAL_SYMBOL_CANDIDATE	gavel	HIGH	Generic legal-information semantic
laboratory_key	system_and_accounts_settings_category	com.oplus.settings.widget.preference.SettingsSimpleJumpPreference	drawable/settings_laboratory_ic	com.oplus.settings.feature.homepage.TopLevelLaboratoryPreferenceController	integer/tint_icon_blue	true	KEEP_NATIVE		HIGH	ColorOS lab/experimental surface
top_level_support	system_and_accounts_settings_category	com.oplus.settings.widget.preference.SettingsCornerMarkPreference	drawable/ic_support_tips	com.oplus.settings.feature.homepage.TopLevelTipsSupportPreferenceController	integer/tint_icon_orange	true	NATIVE_EXPRESSIVE	ic_help_expressive	HIGH	Exact generic support/help Expressive resource already present
