component	owner	resource_or_path	activation	decision	confidence	notes
preference_group	com.android.settingslib.widget.SettingsPreferenceGroupAdapter	settingslib_expressive_card_background	SettingsThemeHelper.isExpressiveTheme(context)	USE_NATIVE_COMPONENT	HIGH	Native first/middle/last/single state model; no CardHook
preference_divider	com.android.settingslib.widget.SettingsBasePreferenceFragment	setDivider(null)+MarginItemDecoration	SettingsThemeHelper.isExpressiveTheme(context)	USE_NATIVE_COMPONENT	HIGH	Native Expressive removes classic divider and replaces spacing structurally
preference_row	com.android.settingslib.widget.SettingsBasePreferenceFragment	SettingsPreferenceGroupAdapter	SettingsThemeHelper.isExpressiveTheme(context)	USE_NATIVE_COMPONENT	HIGH	Adapter switch is the primary row/group activation point
main_switch	SettingsLib MainSwitchPreference	settingslib_expressive_switch_bar_bg	SettingsThemeHelper.isExpressiveTheme(context)	USE_NATIVE_COMPONENT	HIGH	Preserve native switch state and thumb behavior
switch_thumb	SettingsLib SettingsTheme	settingslib_expressive_switch_thumb_icon	SettingsThemeHelper.isExpressiveTheme(context)	USE_NATIVE_COMPONENT	HIGH	Do not replace with generic switch glyph
spinner	SettingsLib SettingsTheme	settingslib_expressive_spinner_background	SettingsThemeHelper.isExpressiveTheme(context)	USE_NATIVE_COMPONENT	HIGH	Native outlined/background variants already exist
spinner_dropdown	SettingsLib SettingsSpinner	settings_expressive_spinner_dropdown_background	SettingsThemeHelper.isExpressiveTheme(context)	USE_NATIVE_COMPONENT	HIGH	Native selected-item resource family already exists
searchbox	SettingsLib SearchBoxPreference	settingslib_expressive_searchbox_search_icon_24dp	SettingsThemeHelper.isExpressiveTheme(context)	USE_NATIVE_COMPONENT	HIGH	Prefer native Expressive search asset
filled_button	SettingsLib SettingsTheme	settingslib_expressive_button_background_filled	SettingsThemeHelper.isExpressiveTheme(context)	USE_NATIVE_COMPONENT	HIGH	Native component surface
outlined_button	SettingsLib SettingsTheme	settingslib_expressive_button_background_outline	SettingsThemeHelper.isExpressiveTheme(context)	USE_NATIVE_COMPONENT	HIGH	Native component surface
header_icon	SettingsLib IntroPreference	settingslib_expressive_header_icon_background	SettingsThemeHelper.isExpressiveTheme(context)	USE_NATIVE_COMPONENT	HIGH	Native header surface
zero_state	SettingsLib ZeroStatePreference	settingslib_expressive_zerostate_background	SettingsThemeHelper.isExpressiveTheme(context)	USE_NATIVE_COMPONENT	HIGH	Native empty-state component
status_banner	SettingsLib StatusBannerPreference	settingslib_expressive_background_level_*	SettingsThemeHelper.isExpressiveTheme(context)	USE_NATIVE_COMPONENT	HIGH	Level-specific native state backgrounds/icons
toolbar	SettingsLib CollapsingToolbarBaseActivity	settingslib_expressive_icon_back	SettingsThemeHelper.isExpressiveTheme(context)	USE_NATIVE_COMPONENT	HIGH	Keep native toolbar/material-effect owner
floating_toolbar	SettingsLib CollapsingToolbarBaseActivity	settingslib_expressive_floating_toolbar_item_background	SettingsThemeHelper.isExpressiveTheme(context)	USE_NATIVE_COMPONENT	HIGH	Do not re-create with global popup hook
menu_preference	SettingsLib MenuPreference	settingslib_expressive_icon_more_vert	SettingsThemeHelper.isExpressiveTheme(context)	USE_NATIVE_COMPONENT	HIGH	Native menu glyph path
homepage_group_geometry	com.oplus.settings.feature.homepage.OplusTopLevelSettings	inherited SettingsBasePreferenceFragment adapter path	SettingsThemeHelper.isExpressiveTheme(context)	USE_NATIVE_COMPONENT	HIGH	OPlus XML stays owner of rows/icons; SettingsLib adapter can still own grouping
homepage_icons	com.oplus.settings.widget.preference.SettingJumpPreference	showTwoToneColor+tintType+needChangeDrawType	OPlus preference binding	PRESERVE_OPLUS_OWNER	HIGH	Use native Expressive/Material Symbols only as inner glyph source after review
about_device	com.oplus.settings.feature.deviceinfo.aboutphone.DeviceInfoFragment	OPlus custom layouts/adapters	component-specific	KEEP_NATIVE_UNTIL_TRACE	HIGH	Do not apply generic grouped-card transform
